Bundesland,GERICHTSBEZEICHNUNG,ECLI-GERICHTSCODE
Bund,Bundesverfassungsgericht,BVerfG
Bund,Bundesgerichtshof,BGH
Bund,Bundesverwaltungsgericht,BVerwG
Bund,Bundesfinanzhof,BFH
Bund,Bundesarbeitsgericht,BAG
Bund,Bundessozialgericht,BSG
Bund,Bundespatentgericht,BPatG
Bund,BPatGMünchen,BPatG
Bund,BPatG München,BPatG
Bund,Gemeinsamer Senat der Obersten Bundesgerichte,GmSOGB
Baden-Württemberg,Amtsgericht Aalen,AGAALEN
Baden-Württemberg,Amtsgericht Achern,AGACHER
Baden-Württemberg,Amtsgericht Adelsheim,AGADELS
Baden-Württemberg,Amtsgericht Albstadt,AGALBST
Baden-Württemberg,Amtsgericht Backnang,AGBACKN
Baden-Württemberg,Amtsgericht Bad Mergentheim,AGMERGE
Baden-Württemberg,Amtsgericht Bad Säckingen,AGSAECK
Baden-Württemberg,Amtsgericht Bad Saulgau,AGSAULG
Baden-Württemberg,Amtsgericht Bad Urach,AGURACH
Baden-Württemberg,Amtsgericht Bad Waldsee,AGBADWA
Baden-Württemberg,Amtsgericht Baden-Baden,AGBADEN
Baden-Württemberg,Amtsgericht Balingen,AGBALIN
Baden-Württemberg,Amtsgericht Besigheim,AGBESIG
Baden-Württemberg,Amtsgericht Biberach/Riss,AGBIBER
Baden-Württemberg,Amtsgericht Biberach,AGBIBER
Baden-Württemberg,Amtsgericht Böblingen,AGBOEBL
Baden-Württemberg,Amtsgericht Brackenheim,AGBRACK
Baden-Württemberg,Amtsgericht Breisach am Rhein,AGBREIS
Baden-Württemberg,Amtsgericht Breisach,AGBREIS
Baden-Württemberg,Amtsgericht Bretten,AGBRETT
Baden-Württemberg,Amtsgericht Bruchsal,AGBRUCH
Baden-Württemberg,Amtsgericht Buchen,AGBUCHE
Baden-Württemberg,Amtsgericht Bühl,AGBUEHL
Baden-Württemberg,Amtsgericht Calw,AGCALW
Baden-Württemberg,Amtsgericht Crailsheim,AGCRAIL
Baden-Württemberg,Amtsgericht Donaueschingen,AGDONAU
Baden-Württemberg,Amtsgericht Ehingen/Donau,AGEHING
Baden-Württemberg,Amtsgericht Ellwangen (Jagst),AGELLWA
Baden-Württemberg,Amtsgericht Ellwangen,AGELLWA
Baden-Württemberg,Amtsgericht Emmendingen,AGEMMEN
Baden-Württemberg,Amtsgericht Esslingen am Neckar,AGESSLI
Baden-Württemberg,Amtsgericht Esslingen,AGESSLI
Baden-Württemberg,Amtsgericht Ettenheim,AGETTEN
Baden-Württemberg,Amtsgericht Ettlingen,AGETTLI
Baden-Württemberg,Amtsgericht Freiburg im Breisgau,AGFREIB
Baden-Württemberg,Amtsgericht Freiburg,AGFREIB
Baden-Württemberg,Amtsgericht Freudenstadt,AGFREUD
Baden-Württemberg,Amtsgericht Geislingen,AGGEISL
Baden-Württemberg,Amtsgericht Gengenbach,AGGENGE
Baden-Württemberg,Amtsgericht Gernsbach,AGGERNS
Baden-Württemberg,Amtsgericht Göppingen,AGGOEPP
Baden-Württemberg,Amtsgericht Hechingen,AGHECHI
Baden-Württemberg,Amtsgericht Heidelberg,AGHEIDE
Baden-Württemberg,Amtsgericht Heidenheim a. d. Brenz,AGHEIDH
Baden-Württemberg,Amtsgericht Heidenheim,AGHEIDH
Baden-Württemberg,Amtsgericht Heilbronn,AGHN
Baden-Württemberg,Amtsgericht Horb am Neckar,AGHORB
Baden-Württemberg,Amtsgericht Horb,AGHORB
Baden-Württemberg,Amtsgericht Karlsruhe,AGKARLS
Baden-Württemberg,Amtsgericht Karlsruhe-Durlach,AGDURLA
Baden-Württemberg,Amtsgericht Kehl,AGKEHL
Baden-Württemberg,Amtsgericht Kenzingen,AGKENZI
Baden-Württemberg,Amtsgericht Kirchheim unter Teck,AGKIRUT
Baden-Württemberg,Amtsgericht Kirchheim,AGKIRUT
Baden-Württemberg,Amtsgericht Konstanz,AGKONST
Baden-Württemberg,Amtsgericht Künzelsau,AGKUENZ
Baden-Württemberg,Amtsgericht Lahr/Schwarzwald,AGLAHR
Baden-Württemberg,Amtsgericht Lahr,AGLAHR
Baden-Württemberg,Amtsgericht Langenburg,AGLANGE
Baden-Württemberg,Amtsgericht Leonberg,AGLEONB
Baden-Württemberg,Amtsgericht Leutkirch,AGLEUTK
Baden-Württemberg,Amtsgericht Lörrach,AGLOERR
Baden-Württemberg,Amtsgericht Ludwigsburg,AGLB
Baden-Württemberg,Amtsgericht Mannheim,AGMANNH
Baden-Württemberg,Amtsgericht Marbach,AGMARBA
Baden-Württemberg,Amtsgericht Maulbronn,AGMAULB
Baden-Württemberg,Amtsgericht Mosbach,AGMOSBA
Baden-Württemberg,Amtsgericht Müllheim,AGMUELL
Baden-Württemberg,Amtsgericht Münsingen,AGMUENS
Baden-Württemberg,Amtsgericht Nagold,AGNAGOL
Baden-Württemberg,Amtsgericht Neresheim,AGNERES
Baden-Württemberg,Amtsgericht Nürtingen,AGNUERT
Baden-Württemberg,Amtsgericht Oberkirch,AGOBERK
Baden-Württemberg,Amtsgericht Oberndorf am Neckar,AGOBER1
Baden-Württemberg,Amtsgericht Offenburg,AGOG
Baden-Württemberg,Amtsgericht Öhringen,AGOEHRI
Baden-Württemberg,Amtsgericht Pforzheim,AGPFORZ
Baden-Württemberg,Amtsgericht Philippsburg,AGPHILI
Baden-Württemberg,Amtsgericht Radolfzell am Bodensee,AGRADOL
Baden-Württemberg,Amtsgericht Radolfzell,AGRADOL
Baden-Württemberg,Amtsgericht Rastatt,AGRASTA
Baden-Württemberg,Amtsgericht Ravensburg,AGRAVEN
Baden-Württemberg,Amtsgericht Reutlingen,AGREUTL
Baden-Württemberg,Amtsgericht Riedlingen,AGRIEDL
Baden-Württemberg,Amtsgericht Rottenburg,AGROTTE
Baden-Württemberg,Amtsgericht Rottweil,AGROTTW
Baden-Württemberg,Amtsgericht Sankt Blasien,AGSTBLA
Baden-Württemberg,Amtsgericht Schönau im Schwarzwald,AGSCHOE
Baden-Württemberg,Amtsgericht Schopfheim,AGSCHOP
Baden-Württemberg,Amtsgericht Schorndorf,AGSCHOR
Baden-Württemberg,Amtsgericht Schwäbisch Gmünd,AGGMUEN
Baden-Württemberg,Amtsgericht Schwäbisch Hall,AGSHALL
Baden-Württemberg,Amtsgericht Schwetzingen,AGSCHWE
Baden-Württemberg,Amtsgericht Sigmaringen,AGSIGMA
Baden-Württemberg,Amtsgericht Singen am Hohentwiel,AGSINGE
Baden-Württemberg,Amtsgericht Singen,AGSINGE
Baden-Württemberg,Amtsgericht Sinsheim,AGSINSH
Baden-Württemberg,Amtsgericht Spaichingen,AGSPAIC
Baden-Württemberg,Amtsgericht Staufen im Breisgau,AGSTAUF
Baden-Württemberg,Amtsgericht Stockach,AGSTOCK
Baden-Württemberg,Amtsgericht Stuttgart,AGSTUTT
Baden-Württemberg,Amtsgericht Stuttgart-Bad Cannstatt,AGCANNS
Baden-Württemberg,Amtsgericht Tauberbischofsheim,AGTAUBE
Baden-Württemberg,Amtsgericht Tettnang,AGTETTN
Baden-Württemberg,Amtsgericht Titisee-Neustadt,AGTITIS
Baden-Württemberg,Amtsgericht Tübingen,AGTUEBI
Baden-Württemberg,Amtsgericht Tuttlingen,AGTUTTL
Baden-Württemberg,Amtsgericht Überlingen,AGUEBER
Baden-Württemberg,Amtsgericht Ulm,AGULM
Baden-Württemberg,Amtsgericht Vaihingen an der Enz,AGVAIHI
Baden-Württemberg,Amtsgericht Vaihingen,AGVAIHI
Baden-Württemberg,Amtsgericht Villingen-Schwenningen,AGVILLI
Baden-Württemberg,Amtsgericht Waiblingen,AGWAIBL
Baden-Württemberg,Amtsgericht Waldkirch,AGWALDK
Baden-Württemberg,Amtsgericht Waldshut-Tiengen,AGWALDS
Baden-Württemberg,Amtsgericht Wangen im Allgäu,AGWANGE
Baden-Württemberg,Amtsgericht Wangen,AGWANGE
Baden-Württemberg,Amtsgericht Weinheim,AGWEINH
Baden-Württemberg,Amtsgericht Wertheim,AGWERTH
Baden-Württemberg,Amtsgericht Wiesloch,AGWIESL
Baden-Württemberg,Amtsgericht Wolfach,AGWOLFA
Baden-Württemberg,Anwaltsgericht für den Bezirk der Rechtsanwaltskammer Freiburg,AWGFREI
Baden-Württemberg,Anwaltsgericht für den Bezirk der Rechtsanwaltskammer Karlsruhe,AWGKARL
Baden-Württemberg,Anwaltsgericht für den Bezirk der Rechtsanwaltskammer Stuttgart,AWGSTUT
Baden-Württemberg,Anwaltsgericht für den Bezirk der Rechtsanwaltskammer Tübingen,AWGTUEB
Baden-Württemberg,Anwaltsgerichtshof Baden-Württemberg,AWGHBW
Baden-Württemberg,Arbeitsgericht Freiburg,ARBGFRE
Baden-Württemberg,Arbeitsgericht Heilbronn,ARBGHEI
Baden-Württemberg,Arbeitsgericht Karlsruhe,ARBGKAR
Baden-Württemberg,Arbeitsgericht Lörrach,ARBGLOE
Baden-Württemberg,Arbeitsgericht Mannheim,ARBGMAN
Baden-Württemberg,Arbeitsgericht Pforzheim,ARBGPFO
Baden-Württemberg,Arbeitsgericht Reutlingen,ARBGREU
Baden-Württemberg,Arbeitsgericht Stuttgart,ARBGSTU
Baden-Württemberg,Arbeitsgericht Ulm,ARBGULM
Baden-Württemberg,Arbeitsgericht Villingen-Schwenningen,ARBGVIL
Baden-Württemberg,Finanzgericht Baden-Württemberg,FGBW
Baden-Württemberg,Landesarbeitsgericht Baden-Württemberg,LAGBW
Baden-Württemberg,Landessozialgericht Baden-Württemberg,LSGBW
Baden-Württemberg,Landgericht Baden-Baden,LGBADEN
Baden-Württemberg,Landgericht Ellwangen,LGELLWA
Baden-Württemberg,Landgericht Freiburg,LGFREIB
Baden-Württemberg,Landgericht Hechingen,LGHECHI
Baden-Württemberg,Landgericht Heidelberg,LGHEIDE
Baden-Württemberg,Landgericht Heilbronn,LGHEILB
Baden-Württemberg,Landgericht Karlsruhe,LGKARLS
Baden-Württemberg,Landgericht Konstanz,LGKONST
Baden-Württemberg,Landgericht Mannheim,LGMANNH
Baden-Württemberg,Landgericht Mosbach,LGMOSBA
Baden-Württemberg,Landgericht Offenburg,LGOFFEN
Baden-Württemberg,Landgericht Ravensburg,LGRAVEN
Baden-Württemberg,Landgericht Rottweil,LGROTTW
Baden-Württemberg,Landgericht Stuttgart,LGSTUTT
Baden-Württemberg,Landgericht Tübingen,LGTUEBI
Baden-Württemberg,Landgericht Ulm,LGULM
Baden-Württemberg,Landgericht Waldshut-Tiengen,LGWALDS
Baden-Württemberg,Oberlandesgericht Karlsruhe,OLGKARL
Baden-Württemberg,Oberlandesgericht Stuttgart,OLGSTUT
Baden-Württemberg,Sozialgericht Freiburg,SGFREIB
Baden-Württemberg,Sozialgericht Heilbronn,SGHEILB
Baden-Württemberg,Sozialgericht Karlsruhe,SGKARLS
Baden-Württemberg,Sozialgericht Konstanz,SGKONST
Baden-Württemberg,Sozialgericht Mannheim,SGMANNH
Baden-Württemberg,Sozialgericht Reutlingen,SGREUTL
Baden-Württemberg,Sozialgericht Stuttgart,SGSTUTT
Baden-Württemberg,Sozialgericht Ulm,SGULM
Baden-Württemberg,Verfassungsgerichtshof Baden-Württemberg,VERFGBW
Baden-Württemberg,Vergabekammer Baden-Württemberg,VKBW
Baden-Württemberg,Verwaltungsgericht Freiburg,VGFREIB
Baden-Württemberg,Verwaltungsgericht Karlsruhe,VGKARLS
Baden-Württemberg,Verwaltungsgericht Sigmaringen,VGSIGMA
Baden-Württemberg,Verwaltungsgericht Stuttgart,VGSTUTT
Baden-Württemberg,Verwaltungsgerichtshof Baden-Württemberg,VGHBW
Bayern,Amtsgericht Aichach,AGAICHA
Bayern,Amtsgericht Altötting,AGALTOE
Bayern,Amtsgericht Amberg,AGAMBER
Bayern,Amtsgericht Ansbach,AGANSBA
Bayern,Amtsgericht Aschaffenburg,AGASCHA
Bayern,Amtsgericht Augsburg,AGAUGSB
Bayern,Amtsgericht Bad Kissingen,AGBADKI
Bayern,Amtsgericht Bad Neustadt a.d. Saale,AGBADNE
Bayern,Amtsgericht Bad Neustadt,AGBADNE
Bayern,Amtsgericht Bamberg,AGBAMBE
Bayern,Amtsgericht Bayreuth,AGBAYRE
Bayern,Amtsgericht Cham,AGCHAM
Bayern,Amtsgericht Coburg,AGCOBUR
Bayern,Amtsgericht Dachau,AGDACHA
Bayern,Amtsgericht Deggendorf,AGDEGGE
Bayern,Amtsgericht Dillingen an der Donau,AGDILLI
Bayern,Amtsgericht Dillingen,AGDILLI
Bayern,Amtsgericht Ebersberg,AGEBE
Bayern,Amtsgericht Eggenfelden,AGEGGEN
Bayern,Amtsgericht Erding,AGERDIN
Bayern,Amtsgericht Erlangen,AGERLAN
Bayern,Amtsgericht Forchheim,AGFORCH
Bayern,Amtsgericht Freising,AGFREIS
Bayern,Amtsgericht Freyung,AGFREYU
Bayern,Amtsgericht Fürstenfeldbruck,AGFFB
Bayern,Amtsgericht Fürth,AGFUE
Bayern,Amtsgericht Garmisch-Partenkirchen,AGGARMI
Bayern,Amtsgericht Gemünden am Main,AGGEMUE
Bayern,Amtsgericht Gemünden,AGGEMUE
Bayern,Amtsgericht Günzburg,AGGUENZ
Bayern,Amtsgericht Haßfurt,AGHASSF
Bayern,Amtsgericht Hersbruck,AGHERSB
Bayern,Amtsgericht Hof,AGHOF
Bayern,Amtsgericht Ingolstadt,AGINGOL
Bayern,Amtsgericht Kaufbeuren,AGKAUFB
Bayern,Amtsgericht Kelheim,AGKELHE
Bayern,Amtsgericht Kempten (Allgäu),AGKEMPT
Bayern,Amtsgericht Kempten,AGKEMPT
Bayern,Amtsgericht Kitzingen,AGKITZI
Bayern,Amtsgericht Kronach,AGKRONA
Bayern,Amtsgericht Kulmbach,AGKULMB
Bayern,Amtsgericht Landau a.d.Isar,AGLANDA
Bayern,Amtsgericht Landau,AGLANDA
Bayern,Amtsgericht Landsberg am Lech,AGLAND1
Bayern,Amtsgericht Landsberg,AGLAND1
Bayern,Amtsgericht Landshut,AGLAND2
Bayern,Amtsgericht Laufen,AGLAUFE
Bayern,Amtsgericht Lichtenfels,AGLICHT
Bayern,Amtsgericht Lindau (Bodensee),AGLINDA
Bayern,Amtsgericht Lindau,AGLINDA
Bayern,Amtsgericht Memmingen,AGMEMMI
Bayern,Amtsgericht Miesbach,AGMIESB
Bayern,Amtsgericht Mühldorf am Inn,AGMUE
Bayern,Amtsgericht Mühldorf,AGMUE
Bayern,Amtsgericht München,AGMUENC
Bayern,Amtsgericht Neuburg a. d. Donau,AGNEUBU
Bayern,Amtsgericht Neuburg,AGNEUBU
Bayern,Amtsgericht Neumarkt in der Oberpfalz,AGNEUMA
Bayern,Amtsgericht Neumarkt,AGNEUMA
Bayern,Amtsgericht Neustadt an der Aisch,AGNEA
Bayern,Amtsgericht Neustadt a.d. Aisch,AGNEA
Bayern,Amtsgericht Neu-Ulm,AGNEUUL
Bayern,Amtsgericht Nördlingen,AGNOERD
Bayern,Amtsgericht Nürnberg,AGNUERN
Bayern,Amtsgericht Obernburg am Main,AGOBB
Bayern,Amtsgericht Obernburg,AGOBB
Bayern,Amtsgericht Passau,AGPASSA
Bayern,Amtsgericht Pfaffenhofen a.d.Ilm,AGPFAFF
Bayern,Amtsgericht Pfaffenhofen,AGPFAFF
Bayern,Amtsgericht Regensburg,AGREGEN
Bayern,Amtsgericht Rosenheim,AGROSEN
Bayern,Amtsgericht Schwabach,AGSCHW1
Bayern,Amtsgericht Schwandorf,AGSCHW2
Bayern,Amtsgericht Schweinfurt,AGSW
Bayern,Amtsgericht Sonthofen,AGSONTH
Bayern,Amtsgericht Starnberg,AGSTARN
Bayern,Amtsgericht Straubing,AGSTRA
Bayern,Amtsgericht Tirschenreuth,AGTIRSC
Bayern,Amtsgericht Traunstein,AGTRAUN
Bayern,Amtsgericht Viechtach,AGVIECH
Bayern,Amtsgericht Weiden i.d. OPf.,AGWEIDE
Bayern,Amtsgericht Weiden,AGWEIDE
Bayern,Amtsgericht Weilheim i.OB,AGWEILH
Bayern,Amtsgericht Weilheim,AGWEILH
Bayern,Amtsgericht Weißenburg,AGWUG
Bayern,Amtsgericht Wolfratshausen,AGWOLFR
Bayern,Amtsgericht Wunsiedel,AGWUNSI
Bayern,Amtsgericht Würzburg,AGWUERZ
Bayern,Anwaltsgericht für den Bezirk der Rechtsanwaltskammer Bamberg,AWGBAMB
Bayern,Anwaltsgericht Bamberg,AWGBAMB
Bayern,Anwaltsgericht für den Bezirk der Rechtsanwaltskammer München,AWGMUEN
Bayern,Anwaltsgericht München,AWGMUEN
Bayern,Anwaltsgericht für den Bezirk der Rechtsanwaltskammer Nürnberg,AWGNUER
Bayern,Anwaltsgericht Nürnberg,AWGNUER
Bayern,Arbeitsgericht Augsburg,ARBGAUG
Bayern,Arbeitsgericht Bamberg,ARBGBAM
Bayern,Arbeitsgericht Bayreuth,ARBGBAY
Bayern,Arbeitsgericht Kempten,ARBGKEM
Bayern,Arbeitsgericht München,ARBGMUE
Bayern,Arbeitsgericht Nürnberg,ARBGNUE
Bayern,Arbeitsgericht Passau,ARBGPAS
Bayern,Arbeitsgericht Regensburg,ARBGREG
Bayern,Arbeitsgericht Rosenheim,ARBGRO
Bayern,Arbeitsgericht Weiden,ARBGWEI
Bayern,Arbeitsgericht Würzburg,ARBGWUE
Bayern,Bayerischer Anwaltsgerichtshof,AWGHBAY
Bayern,Anwaltsgerichtshof München,AWGHBAY
Bayern,Bayerischer Verfassungsgerichtshof,BAYVERF
Bayern,Verfassungsgerichtshof München,BAYVERF
Bayern,Bayerischer Verwaltungsgerichtshof,BAYVGH
Bayern,Verwaltungsgerichtshof München,BAYVGH
Bayern,Bayerisches Landessozialgericht,BAYLSG
Bayern,Landessozialgericht München,BAYLSG
Bayern,Bayerisches Oberstes Landesgericht,BAYOBLG
Bayern,Bayerisches Oberstes Landesgericht München,BAYOBLG
Bayern,Finanzgericht München,FGMUENC
Bayern,Finanzgericht Nürnberg,FGNUERN
Bayern,Landesarbeitsgericht München,LAGMUEN
Bayern,Landesarbeitsgericht Nürnberg,LAGNUER
Bayern,Landgericht Amberg,LGAMBER
Bayern,Landgericht Ansbach,LGANSBA
Bayern,Landgericht Aschaffenburg,LGASCHA
Bayern,Landgericht Augsburg,LGAUGSB
Bayern,Landgericht Bamberg,LGBAMBE
Bayern,Landgericht Bayreuth,LGBAYRE
Bayern,Landgericht Coburg,LGCOBUR
Bayern,Landgericht Deggendorf,LGDEGGE
Bayern,Landgericht Hof,LGHOF
Bayern,Landgericht Ingolstadt,LGINGOL
Bayern,Landgericht Kempten (Allgäu),LGKEMPT
Bayern,Landgericht Kempten,LGKEMPT
Bayern,Landgericht Landshut,LGLANDS
Bayern,Landgericht Memmingen,LGMEMMI
Bayern,Landgericht München I,LGMUEN1
Bayern,Landgericht München II,LGMUEN2
Bayern,Landgericht Nürnberg-Fürth,LGNUERN
Bayern,Landgericht Passau,LGPASSA
Bayern,Landgericht Regensburg,LGREGEN
Bayern,Landgericht Schweinfurt,LGSW
Bayern,Landgericht Traunstein,LGTRAUN
Bayern,Landgericht Weiden,LGWEIDE
Bayern,Landgericht Würzburg,LGWUERZ
Bayern,Oberlandesgericht Bamberg,OLGBAMB
Bayern,Oberlandesgericht München,OLGMUEN
Bayern,Oberlandesgericht Nürnberg,OLGNUER
Bayern,Sozialgericht Augsburg,SGAUGSB
Bayern,Sozialgericht Bayreuth,SGBAYRE
Bayern,Sozialgericht Landshut,SGLANDS
Bayern,Sozialgericht München,SGMUENC
Bayern,Sozialgericht Nürnberg,SGNUERN
Bayern,Sozialgericht Regensburg,SGREGEN
Bayern,Sozialgericht Würzburg,SGWUERZ
Bayern,Vergabekammer Nordbayern,VKANSBA
Bayern,Vergabekammer Ansbach,VKANSBA
Bayern,Vergabekammer Südbayern,VKMUENC
Bayern,Vergabekammer München,VKMUENC
Bayern,Verwaltungsgericht Ansbach,VGANSBA
Bayern,Verwaltungsgericht Augsburg,VGAUGSB
Bayern,Verwaltungsgericht Bayreuth,VGBAYRE
Bayern,Verwaltungsgericht München,VGMUENC
Bayern,Verwaltungsgericht Regensburg,VGREGEN
Bayern,Verwaltungsgericht Würzburg,VGWUERZ
Bayern,Schiffahrtsobergericht Nürnberg,SCHFFNUERN
Bayern,Kirchliches Arbeitsgericht Augsburg,KARBGAUGS
Bayern,Truppendienstgericht Süd München,TRUPPDGSUED
Berlin,Amtsgericht Charlottenburg,AGBECH
Berlin,Amtsgericht Köpenick,AGBEKP
Berlin,Amtsgericht Lichtenberg,AGBELB
Berlin,Amtsgericht Mitte,AGBEMI
Berlin,Amtsgericht Berlin-Mitte,AGBEMI
Berlin,Amtsgericht Neukölln,AGBENK
Berlin,Amtsgericht Pankow/Weißensee,AGBEPW
Berlin,Amtsgericht Pankow-Weißensee,AGBEPW
Berlin,Amtsgericht Schöneberg,AGBESB
Berlin,Amtsgericht Spandau,AGBESP
Berlin,Amtsgericht Tempelhof-Kreuzberg,AGBETK
Berlin,Amtsgericht Tiergarten,AGBETG
Berlin,Amtsgericht Wedding,AGBEWE
Berlin,Anwaltsgericht Berlin,AWGBE
Berlin,Anwaltsgerichtshof Berlin,AWGHBE
Berlin,Arbeitsgericht Berlin,ARBGBE
Berlin,Kammergericht,KG
Berlin,Kammergericht Berlin,KG
Berlin,Landesarbeitsgericht Berlin-Brandenburg,LAGBEBB
Berlin,Landesarbeitsgericht Berlin,LAGBEBB
Berlin,Landgericht Berlin,LGBE
Berlin,Oberverwaltungsgericht Berlin-Brandenburg,OVGBEBB
Berlin,Oberverwaltungsgericht Berlin,OVGBEBB
Berlin,Sozialgericht Berlin,SGBE
Berlin,Verfassungsgerichtshof des Landes Berlin,VERFGBE
Berlin,Vergabekammer des Landes Berlin,VKBE
Berlin,Verwaltungsgericht Berlin,VGBE
Berlin,Berufsgericht für Heilberufe Berlin,BGHBE
Berlin,Verwaltungsgericht Berlin Berufsgericht für Heilberufe,BGHBE
Brandenburg,Oberverwaltungsgericht Brandenburg,OVGBEBB
Brandenburg,Landesarbeitsgericht Brandenburg,LAGBEBB
Brandenburg,Amtsgericht Bad Freienwalde (Oder),AGBADFR
Brandenburg,Amtsgericht Bad Liebenwerda,AGBADLI
Brandenburg,Amtsgericht Bernau bei Berlin,AGBERNA
Brandenburg,Amtsgericht Bernau,AGBERNA
Brandenburg,Amtsgericht Brandenburg an der Havel,AGBRAND
Brandenburg,Amtsgericht Brandenburg,AGBRAND
Brandenburg,Amtsgericht Cottbus,AGCOTTB
Brandenburg,Amtsgericht Eberswalde,AGEBERS
Brandenburg,Amtsgericht Eisenhüttenstadt,AGEISEN
Brandenburg,Amtsgericht Frankfurt (Oder),AGFF
Brandenburg,Amtsgericht Fürstenwalde/Spree,AGFUERS
Brandenburg,Amtsgericht Fürstenwalde,AGFUERS
Brandenburg,Amtsgericht Königs Wusterhausen,AGKOEWU
Brandenburg,Amtsgericht Lübben (Spreewald),AGLUEBB
Brandenburg,Amtsgericht Lübben,AGLUEBB
Brandenburg,Amtsgericht Luckenwalde,AGLUCKE
Brandenburg,Amtsgericht Nauen,AGNAUEN
Brandenburg,Amtsgericht Neuruppin,AGNEURU
Brandenburg,Amtsgericht Oranienburg,AGORANI
Brandenburg,Amtsgericht Perleberg,AGPERLE
Brandenburg,Amtsgericht Potsdam,AGPOTSD
Brandenburg,Amtsgericht Prenzlau,AGPRENZ
Brandenburg,Amtsgericht Rathenow,AGRATHE
Brandenburg,Amtsgericht Schwedt/Oder,AGSDT
Brandenburg,Amtsgericht Schwedt,AGSDT
Brandenburg,Amtsgericht Senftenberg,AGSENFT
Brandenburg,Amtsgericht Strausberg,AGSTRAU
Brandenburg,Amtsgericht Zehdenick,AGZEHDE
Brandenburg,Amtsgericht Zossen,AGZOSSE
Brandenburg,Anwaltsgericht Brandenburg an der Havel,AWGBRAN
Brandenburg,Anwaltsgerichtshof bei dem Brandenburgischen Oberlandesgericht,AWGHBRA
Brandenburg,Anwaltsgerichtshof Brandenburg an der Havel,AWGHBRA
Brandenburg,Anwaltsgerichtshof Brandenburg,AWGHBRA
Brandenburg,Oberlandesgericht Brandenburg Anwaltsgerichtshof,AWGHBRA
Brandenburg,Arbeitsgericht Brandenburg an der Havel,ARBGBRA
Brandenburg,Arbeitsgericht Brandenburg,ARBGBRA
Brandenburg,Arbeitsgericht Cottbus,ARBGCOT
Brandenburg,Arbeitsgericht Eberswalde,ARBGEBE
Brandenburg,Arbeitsgericht Frankfurt (Oder),ARBGFRA
Brandenburg,Arbeitsgericht Neuruppin,ARBGNP
Brandenburg,Arbeitsgericht Potsdam,ARBGPOT
Brandenburg,Brandenburgisches Oberlandesgericht,OLGBB
Brandenburg,Oberlandesgericht Brandenburg,OLGBB
Brandenburg,Dienstgerichtshof Berlin-Brandenburg,OLGBB
Brandenburg,Dienstgerichtshof Brandenburg Berlin,OLGBB
Brandenburg,Finanzgericht Berlin-Brandenburg,FGBEBB
Brandenburg,Finanzgericht Berlin,FGBEBB
Brandenburg,Finanzgericht Brandenburg,FGBEBB
Brandenburg,Landessozialgericht Berlin-Brandenburg,LSGBEBB
Brandenburg,Landessozialgericht Potsdam,LSGBEBB
Brandenburg,Landgericht Cottbus,LGCOTTB
Brandenburg,Dienstgericht Cottbus,LGCOTTB
Brandenburg,Landgericht Frankfurt (Oder),LGFRANK
Brandenburg,Landgericht Neuruppin,LGNEURU
Brandenburg,Landgericht Potsdam,LGPOTSD
Brandenburg,Sozialgericht Cottbus,SGCOTTB
Brandenburg,Sozialgericht Frankfurt (Oder),SGFRANK
Brandenburg,Sozialgericht Neuruppin,SGNEURU
Brandenburg,Sozialgericht Potsdam,SGPOTSD
Brandenburg,Verfassungsgericht des Landes Brandenburg,VERFGBB
Brandenburg,Verfassungsgericht Potsdam,VERFGBB
Brandenburg,Vergabekammer des Landes Brandenburg,VKBB
Brandenburg,Vergabekammer Potsdam,VKBB
Brandenburg,Verwaltungsgericht Cottbus,VGCOTTB
Brandenburg,Verwaltungsgericht Frankfurt (Oder),VGFRANK
Brandenburg,Verwaltungsgericht Potsdam,VGPOTSD
Bremen,Amtsgericht Bremen,AGHB1
Bremen,Amtsgericht Bremen-Blumenthal,AGHB2
Bremen,Amtsgericht Bremerhaven,AGHB3
Bremen,Anwaltsgericht Bremen,AWGHB
Bremen,Anwaltsgerichtshof Bremen,AWGHHB
Bremen,Arbeitsgericht Bremen - Bremerhaven,ARBGHB
Bremen,Finanzgericht Bremen,FGHB
Bremen,Oberlandesgericht Bremen,OLGHB
Bremen,Landesarbeitsgericht Bremen,LAGHB
Bremen,Landgericht Bremen,LGHB
Bremen,Oberverwaltungsgericht Bremen,OVGHB
Bremen,Sozialgericht Bremen,SGHB
Bremen,Staatsgerichtshof Bremen,STGHHB
Bremen,Vergabekammer Bremen,VKHB
Bremen,Verwaltungsgericht Bremen,VGHB
Hamburg,Amtsgericht Hamburg,AGHH
Hamburg,Amtsgericht Hamburg-Altona,AGHHAL
Hamburg,Amtsgericht Hamburg-Barmbek,AGHHBA
Hamburg,Amtsgericht Hamburg-Bergedorf,AGHHBE
Hamburg,Amtsgericht Hamburg-Blankenese,AGHHBL
Hamburg,Amtsgericht Hamburg-Harburg,AGHHHR
Hamburg,Amtsgericht Hamburg-St.Georg,AGHHSG
Hamburg,Amtsgericht Hamburg-St. Georg,AGHHSG
Hamburg,Amtsgericht Hamburg-Wandsbek,AGHHWA
Hamburg,Anwaltsgerichtshof der Freien und Hansestadt Hamburg,AWGHHH
Hamburg,Anwaltsgerichtshof Hamburg,AWGHHH
Hamburg,Arbeitsgericht Hamburg,ARBGHH
Hamburg,Finanzgericht Hamburg,FGHH
Hamburg,Hamburgisches Anwaltsgericht,AWGHH
Hamburg,Anwaltsgericht Hamburg,AWGHH
Hamburg,Hamburgisches Oberverwaltungsgericht,OVGHH
Hamburg,Hamburgisches Verfassungsgericht,VERFGHH
Hamburg,Oberlandesgericht Hamburg,OLGHH
Hamburg,Hanseatisches Oberlandesgericht,OLGHH
Hamburg,Hanseatisches Oberlandesgericht Hamburg,OLGHH
Hamburg,Landesarbeitsgericht Hamburg,LAGHH
Hamburg,Landessozialgericht Hamburg,LSGHH
Hamburg,Landgericht Hamburg,LGHH
Hamburg,Sozialgericht Hamburg,SGHH
Hamburg,Vergabekammer bei der Finanzbehörde Hamburg,VKHH1
Hamburg,Vergabekammer der Behörde für Stadtentwicklung und Wohnen Hamburg,VKHH2
Hamburg,Vergabekammer Hamburg,VKHH2
Hamburg,Verwaltungsgericht Hamburg,VGHH
Hamburg,Hamburgischer Berufsgerichtshof für die Heilberufe,BGHHH
Hamburg,Schiffahrtsgericht Hamburg,SCHFFHAM
Hamburg,Schiffahrtsobergericht Hamburg,SCHFFOHAM
Hessen,Amtsgericht Alsfeld,AGALSFE
Hessen,Amtsgericht Bad Hersfeld,AGBADHE
Hessen,Amtsgericht Rotenburg (Fulda),AGBADHE
Hessen,Amtsgericht Bad Homburg,AGBADHO
Hessen,Amtsgericht Bad Schwalbach,AGBADSC
Hessen,Amtsgericht Bensheim,AGBENSH
Hessen,Amtsgericht Biedenkopf,AGBIEDE
Hessen,Amtsgericht Büdingen,AGBUEDI
Hessen,Amtsgericht Darmstadt,AGDARMS
Hessen,Amtsgericht Dieburg,AGDIEBU
Hessen,Amtsgericht Dillenburg,AGDILLE
Hessen,Amtsgericht Eschwege,AGESCHW
Hessen,Amtsgericht Frankenberg (Eder),AGFRANK
Hessen,Amtsgericht Frankenberg-Eder,AGFRANK
Hessen,Amtsgericht Frankenberg,AGFRANK
Hessen,Amtsgericht Frankfurt am Main,AGFFM
Hessen,Amtsgericht Frankfurt,AGFFM
Hessen,Amtsgericht Friedberg (Hessen),AGFRIED
Hessen,Amtsgericht Friedberg,AGFRIED
Hessen,Amtsgericht Fritzlar,AGFRITZ
Hessen,Amtsgericht Fulda,AGFULDA
Hessen,Amtsgericht Fürth (Odenwald),AGFUERT
Hessen,Amtsgericht Gelnhausen,AGGELNH
Hessen,Amtsgericht Gießen,AGGIESS
Hessen,Amtsgericht Groß-Gerau,AGGROSS
Hessen,Amtsgericht Hanau,AGHANAU
Hessen,Amtsgericht Hünfeld,AGHUENF
Hessen,Amtsgericht Idstein,AGIDSTE
Hessen,Amtsgericht Kassel,AGKASSE
Hessen,Amtsgericht Kirchhain,AGKIRCH
Hessen,Amtsgericht Königstein im Taunus,AGKOENI
Hessen,Amtsgericht Königstein,AGKOENI
Hessen,Amtsgericht Korbach,AGKORBA
Hessen,Amtsgericht Lampertheim,AGLAMPE
Hessen,Amtsgericht Langen (Hessen),AGLANG1
Hessen,Amtsgericht Langen,AGLANG1
Hessen,Amtsgericht Limburg a.d. Lahn,AGLIMBU
Hessen,Amtsgericht Limburg,AGLIMBU
Hessen,Amtsgericht Marburg,AGMARBU
Hessen,Amtsgericht Melsungen,AGMELSU
Hessen,Amtsgericht Michelstadt,AGMICHE
Hessen,Amtsgericht Offenbach am Main,AGOFFEN
Hessen,Amtsgericht Offenbach,AGOFFEN
Hessen,Amtsgericht Rüdesheim am Rhein,AGRUEDE
Hessen,Amtsgericht Rüdesheim,AGRUEDE
Hessen,Amtsgericht Rüsselsheim,AGRUESS
Hessen,Amtsgericht Schwalmstadt,AGSCHW3
Hessen,Amtsgericht Seligenstadt,AGSELIG
Hessen,Amtsgericht Weilburg,AGWEILB
Hessen,Amtsgericht Wetzlar,AGWETZL
Hessen,Amtsgericht Wiesbaden,AGWIESB
Hessen,Anwaltsgericht für den Bezirk der Rechtsanwaltskammer Frankfurt am Main,AWGFFM
Hessen,Anwaltsgericht für den Bezirk der Rechtsanwaltskammer Kassel,AWGKAS
Hessen,Arbeitsgericht Darmstadt,ARBGDAR
Hessen,Arbeitsgericht Frankfurt am Main,ARBGFFM
Hessen,Arbeitsgericht Frankfurt,ARBGFFM
Hessen,Arbeitsgericht Fulda,ARBGFUL
Hessen,Arbeitsgericht Gießen,ARBGGIE
Hessen,Arbeitsgericht Kassel,ARBGKAS
Hessen,Arbeitsgericht Offenbach am Main,ARBGOFF
Hessen,Arbeitsgericht Offenbach,ARBGOFF
Hessen,Arbeitsgericht Wiesbaden,ARBGWIE
Hessen,Arbeitsgericht Limburg,ARBGLIMBU
Hessen,Arbeitsgericht Marburg,ARBGMARBU
Hessen,Arbeitsgericht Wetzlar,ARBGWETZL
Hessen,Hessischer Anwaltsgerichtshof,AWGHHE
Hessen,Anwaltsgerichtshof Frankfurt,AWGHHE
Hessen,Hessischer Verwaltungsgerichtshof,VGHHE
Hessen,Hessisches Finanzgericht,FGHE
Hessen,Finanzgericht Hessen,FGHE
Hessen,Hessisches Landesarbeitsgericht,LAGHE
Hessen,Hessisches Landessozialgericht,LSGHE
Hessen,Landgericht Darmstadt,LGDARMS
Hessen,Landgericht Frankfurt am Main,LGFFM
Hessen,Landgericht Frankfurt,LGFFM
Hessen,Landgericht Frankfurt,LGHE
Hessen,Landgericht Fulda,LGFULDA
Hessen,Landgericht Gießen,LGGIESS
Hessen,Landgericht Hanau,LGHANAU
Hessen,Landgericht Kassel,LGKASSE
Hessen,Landgericht Limburg a.d. Lahn,LGLIMBU
Hessen,Landgericht Limburg,LGLIMBU
Hessen,Landgericht Marburg,LGMARBU
Hessen,Landgericht Wiesbaden,LGWIESB
Hessen,Oberlandesgericht Frankfurt am Main,OLGHE
Hessen,Oberlandesgericht Frankfurt,OLGHE
Hessen,Sozialgericht Darmstadt,SGDARMS
Hessen,Sozialgericht Frankfurt am Main,SGFFM
Hessen,Sozialgericht Frankfurt,SGFFM
Hessen,Sozialgericht Fulda,SGFULDA
Hessen,Sozialgericht Gießen,SGGIESS
Hessen,Sozialgericht Kassel,SGKASSE
Hessen,Sozialgericht Marburg,SGMARBU
Hessen,Sozialgericht Wiesbaden,SGWIESB
Hessen,Staatsgerichtshof des Landes Hessen,STGHHE
Hessen,Staatsgerichtshof des Landes Hessen Staatsgerichtshof des Landes Hessen,STGHHE
Hessen,Vergabekammer des Landes Hessen,VKHE
Hessen,Verwaltungsgericht Darmstadt,VGDARMS
Hessen,Verwaltungsgericht Frankfurt,VGFFM
Hessen,Verwaltungsgericht Gießen,VGGIESS
Hessen,Verwaltungsgericht Kassel,VGKASSE
Hessen,Verwaltungsgericht Wiesbaden,VGWIESB
Hessen,Verwaltungsgericht Gießen Berufsgericht für Heilberufe,BGHHE
Hessen,Hessischer Verwaltungsgerichtshof Landesberufsgericht für Heilberufe,BGHHE
Mecklenburg-Vorpommern,Amtsgericht Bergen (Rügen),AGBERGE
Mecklenburg-Vorpommern,Amtsgericht Greifswald,AGGREIF
Mecklenburg-Vorpommern,Amtsgericht Güstrow,AGGUEST
Mecklenburg-Vorpommern,Amtsgericht Ludwigslust,AGLUP
Mecklenburg-Vorpommern,Amtsgericht Neubrandenburg,AGNEUBR
Mecklenburg-Vorpommern,Amtsgericht Neustrelitz,AGNSTREL
Mecklenburg-Vorpommern,Amtsgericht Pasewalk,AGPASEW
Mecklenburg-Vorpommern,Amtsgericht Ribnitz-Damgarten,AGRIBNI
Mecklenburg-Vorpommern,Amtsgericht Rostock,AGROSTO
Mecklenburg-Vorpommern,Amtsgericht Schwerin,AGSN
Mecklenburg-Vorpommern,Amtsgericht Stralsund,AGSTRAL
Mecklenburg-Vorpommern,Amtsgericht Waren (Müritz),AGWAREN
Mecklenburg-Vorpommern,Amtsgericht Waren,AGWAREN
Mecklenburg-Vorpommern,Amtsgericht Wismar,AGWISMA
Mecklenburg-Vorpommern,Anwaltsgericht für den Bezirk der Rechtsanwaltskammer Mecklenburg-Vorpommern,AWGMV
Mecklenburg-Vorpommern,Anwaltsgerichtshof für den Bezirk der Rechtsanwaltskammer Mecklenburg-Vorpommern,AWGHMV
Mecklenburg-Vorpommern,Anwaltsgerichtshof Rostock,AWGHMV
Mecklenburg-Vorpommern,Arbeitsgericht Rostock,ARBGROS
Mecklenburg-Vorpommern,Arbeitsgericht Schwerin,ARBGSCH
Mecklenburg-Vorpommern,Arbeitsgericht Stralsund,ARBGSTR
Mecklenburg-Vorpommern,Finanzgericht Mecklenburg-Vorpommern,FGMV
Mecklenburg-Vorpommern,Landesarbeitsgericht Mecklenburg-Vorpommern,LAGMV
Mecklenburg-Vorpommern,Landessozialgericht Mecklenburg-Vorpommern,LSGMV
Mecklenburg-Vorpommern,Landesverfassungsgericht Mecklenburg-Vorpommern,VERFGMV
Mecklenburg-Vorpommern,Verfassungsgericht Mecklenburg-Vorpommern,VERFGMV
Mecklenburg-Vorpommern,Landgericht Neubrandenburg,LGNEUBR
Mecklenburg-Vorpommern,Landgericht Rostock,LGROSTO
Mecklenburg-Vorpommern,Landgericht Schwerin,LGSN
Mecklenburg-Vorpommern,Landgericht Stralsund,LGSTRAL
Mecklenburg-Vorpommern,Oberlandesgericht Rostock,OLGROST
Mecklenburg-Vorpommern,Oberverwaltungsgericht Mecklenburg-Vorpommern,OVGMV
Mecklenburg-Vorpommern,Oberverwaltungsgericht für das Land Mecklenburg-Vorpommern,OVGMV
Mecklenburg-Vorpommern,Sozialgericht Neubrandenburg,SGNEUBR
Mecklenburg-Vorpommern,Sozialgericht Rostock,SGROSTO
Mecklenburg-Vorpommern,Sozialgericht Schwerin,SGSCHWE
Mecklenburg-Vorpommern,Sozialgericht Stralsund,SGSTRAL
Mecklenburg-Vorpommern,Vergabekammern des Landes Mecklenburg-Vorpommern,VKMV
Mecklenburg-Vorpommern,Vergabekammer Mecklenburg-Vorpommern,VKMV
Mecklenburg-Vorpommern,Verwaltungsgericht Greifswald,VGGREIF
Mecklenburg-Vorpommern,Verwaltungsgericht Schwerin,VGSCHWE
Niedersachsen,Amtsgericht Achim,AGACHIM
Niedersachsen,Amtsgericht Alfeld (Leine),AGALFLD
Niedersachsen,Amtsgericht Alfeld,AGALFLD
Niedersachsen,Amtsgericht Aurich,AGAURIC
Niedersachsen,Amtsgericht Bad Gandersheim,AGBADGA
Niedersachsen,Amtsgericht Bad Iburg,AGBADIB
Niedersachsen,Amtsgericht Bersenbrück,AGBERSB
Niedersachsen,Amtsgericht Brake (Unterweser),AGBRAKE
Niedersachsen,Amtsgericht Brake,AGBRAKE
Niedersachsen,Amtsgericht Braunschweig,AGBRAUN
Niedersachsen,Amtsgericht Bremervörde,AGBREMV
Niedersachsen,Amtsgericht Bückeburg,AGBUECK
Niedersachsen,Amtsgericht Burgdorf,AGBURGD
Niedersachsen,Amtsgericht Burgwedel,AGBURGW
Niedersachsen,Amtsgericht Buxtehude,AGBUXTH
Niedersachsen,Amtsgericht Celle,AGCELLE
Niedersachsen,Amtsgericht Clausthal-Zellerfeld,AGCLAUS
Niedersachsen,Amtsgericht Cloppenburg,AGCLOPP
Niedersachsen,Amtsgericht Cuxhaven,AGCUXHA
Niedersachsen,Amtsgericht Dannenberg (Elbe),AGDANNB
Niedersachsen,Amtsgericht Dannenberg,AGDANNB
Niedersachsen,Amtsgericht Delmenhorst,AGDELMH
Niedersachsen,Amtsgericht Diepholz,AGDIEPH
Niedersachsen,Amtsgericht Duderstadt,AGDUDST
Niedersachsen,Amtsgericht Einbeck,AGEINBE
Niedersachsen,Amtsgericht Elze,AGELZE
Niedersachsen,Amtsgericht Emden,AGEMDEN
Niedersachsen,Amtsgericht Geestland,AGGEEST
Niedersachsen,Amtsgericht Gifhorn,AGGIFHO
Niedersachsen,Amtsgericht Goslar,AGGOSLR
Niedersachsen,Amtsgericht Göttingen,AGGOETT
Niedersachsen,Amtsgericht Hameln,AGHAMEL
Niedersachsen,Amtsgericht Hann.Münden,AGHAMUE
Niedersachsen,Amtsgericht Hannover,AGHANNO
Niedersachsen,Amtsgericht Helmstedt,AGHELMS
Niedersachsen,Amtsgericht Herzberg am Harz,AGHERZB
Niedersachsen,Amtsgericht Hildesheim,AGHILDE
Niedersachsen,Amtsgericht Holzminden,AGHOLZM
Niedersachsen,Amtsgericht Jever,AGJEVER
Niedersachsen,Amtsgericht Leer (Ostfriesland),AGLEER
Niedersachsen,Amtsgericht Leer,AGLEER
Niedersachsen,Amtsgericht Lehrte,AGLEHRT
Niedersachsen,Amtsgericht Lingen (Ems),AGLINGE
Niedersachsen,Amtsgericht Lingen,AGLINGE
Niedersachsen,Amtsgericht Lüneburg,AGLUENE
Niedersachsen,Amtsgericht Meppen,AGMEPPN
Niedersachsen,Amtsgericht Neustadt am Rübenberge,AGNEUST
Niedersachsen,Amtsgericht Neustadt (Rübenberge),AGNEUST
Niedersachsen,Amtsgericht Nienburg (Weser),AGNIENB
Niedersachsen,Amtsgericht Nienburg,AGNIENB
Niedersachsen,Amtsgericht Norden,AGNORDN
Niedersachsen,Amtsgericht Nordenham,AGNOHAM
Niedersachsen,Amtsgericht Nordhorn,AGNOHOR
Niedersachsen,Amtsgericht Northeim,AGNORTH
Niedersachsen,Amtsgericht Oldenburg (Oldenburg),AGOLDBG
Niedersachsen,Amtsgericht Oldenburg,AGOLDBG
Niedersachsen,Amtsgericht Osnabrück,AGOSNAB
Niedersachsen,Amtsgericht Osterholz-Scharmbeck,AGOSTER
Niedersachsen,Amtsgericht Osterode am Harz,AGORODE
Niedersachsen,Amtsgericht Osterode,AGORODE
Niedersachsen,Amtsgericht Otterndorf,AGOTTER
Niedersachsen,Amtsgericht Papenburg,AGPAPBG
Niedersachsen,Amtsgericht Peine,AGPEINE
Niedersachsen,Amtsgericht Rinteln,AGRINTE
Niedersachsen,Amtsgericht Rotenburg (Wümme),AGROTBG
Niedersachsen,Amtsgericht Rotenburg,AGROTBG
Niedersachsen,Amtsgericht Salzgitter,AGSALZG
Niedersachsen,Amtsgericht Seesen,AGSEESN
Niedersachsen,Amtsgericht Soltau,AGSOLTA
Niedersachsen,Amtsgericht Springe,AGSPRIN
Niedersachsen,Amtsgericht Stade,AGSTADE
Niedersachsen,Amtsgericht Stadthagen,AGSTHAG
Niedersachsen,Amtsgericht Stolzenau,AGSTOLZ
Niedersachsen,Amtsgericht Sulingen,AGSULIG
Niedersachsen,Amtsgericht Syke,AGSYKE
Niedersachsen,Amtsgericht Tostedt,AGTOSTE
Niedersachsen,Amtsgericht Uelzen,AGUELZN
Niedersachsen,Amtsgericht Varel,AGVAREL
Niedersachsen,Amtsgericht Vechta,AGVECHT
Niedersachsen,Amtsgericht Verden (Aller),AGVERDN
Niedersachsen,Amtsgericht Verden,AGVERDN
Niedersachsen,Amtsgericht Walsrode,AGWALSR
Niedersachsen,Amtsgericht Wennigsen (Deister),AGWENNG
Niedersachsen,Amtsgericht Wennigsen,AGWENNG
Niedersachsen,Amtsgericht Westerstede,AGWESTS
Niedersachsen,Amtsgericht Wildeshausen,AGWILDH
Niedersachsen,Amtsgericht Wilhelmshaven,AGWILHV
Niedersachsen,Amtsgericht Winsen (Luhe),AGWINSN
Niedersachsen,Amtsgericht Winsen,AGWINSN
Niedersachsen,Amtsgericht Wittmund,AGWITTM
Niedersachsen,Amtsgericht Wolfenbüttel,AGWOBUE
Niedersachsen,Amtsgericht Wolfsburg,AGWOLFB
Niedersachsen,Amtsgericht Zeven,AGZEVEN
Niedersachsen,Anwaltsgericht Braunschweig,AWGBS
Niedersachsen,Anwaltsgericht Celle,AWGCE
Niedersachsen,Anwaltsgericht Oldenburg,AWGOL
Niedersachsen,Arbeitsgericht Braunschweig,ARBGBS
Niedersachsen,Arbeitsgericht Celle,ARBGCE
Niedersachsen,Arbeitsgericht Emden,ARBGEMD
Niedersachsen,Arbeitsgericht Göttingen,ARBGGOE
Niedersachsen,Arbeitsgericht Hameln,ARBGHM
Niedersachsen,Arbeitsgericht Hannover,ARBGHAN
Niedersachsen,Arbeitsgericht Hildesheim,ARBGHIL
Niedersachsen,Arbeitsgericht Lingen (Ems),ARBGLIN
Niedersachsen,Arbeitsgericht Lingen,ARBGLIN
Niedersachsen,Arbeitsgericht Lüneburg,ARBGLG
Niedersachsen,Arbeitsgericht Nienburg (Weser),ARBGNIE
Niedersachsen,Arbeitsgericht Nienburg,ARBGNIE
Niedersachsen,Arbeitsgericht Oldenburg (Oldenburg),ARBGOLD
Niedersachsen,Arbeitsgericht Osnabrück,ARBGOSN
Niedersachsen,Arbeitsgericht Stade,ARBGSTD
Niedersachsen,Arbeitsgericht Verden (Aller),ARBGVER
Niedersachsen,Arbeitsgericht Verden,ARBGVER
Niedersachsen,Arbeitsgericht Wilhelmshaven,ARBGWHV
Niedersachsen,Landesarbeitsgericht Niedersachsen,LAGNI
Niedersachsen,Landessozialgericht Niedersachsen-Bremen,LSGNIHB
Niedersachsen,Landessozialgericht für das Land Niedersachsen,LSGNIHB
Niedersachsen,Landgericht Aurich,LGAURIC
Niedersachsen,Landgericht Braunschweig,LGBRAUN
Niedersachsen,Landgericht Bückeburg,LGBUECK
Niedersachsen,Landgericht Göttingen,LGGOETT
Niedersachsen,Landgericht Hannover,LGHANNO
Niedersachsen,Landgericht Hildesheim,LGHILDE
Niedersachsen,Landgericht Lüneburg,LGLUENE
Niedersachsen,Landgericht Oldenburg (Oldenburg),LGOLDBG
Niedersachsen,Landgericht Osnabrück,LGOSNAB
Niedersachsen,Landgericht Stade,LGSTADE
Niedersachsen,Landgericht Verden (Aller),LGVERDN
Niedersachsen,Landgericht Verden,LGVERDN
Niedersachsen,Niedersächsischer Anwaltsgerichtshof,AWGHNI
Niedersachsen,Anwaltsgerichtshof Celle,AWGHNI
Niedersachsen,Niedersächsischer Staatsgerichtshof,STGHNI
Niedersachsen,Niedersächsisches Finanzgericht,FGNI
Niedersachsen,Finanzgericht Niedersachsen,FGNI
Niedersachsen,Niedersächsisches Oberverwaltungsgericht,OVGNI
Niedersachsen,Oberverwaltungsgericht Lüneburg,OVGNI
Niedersachsen,Oberlandesgericht Braunschweig,OLGBS
Niedersachsen,Oberlandesgericht Celle,OLGCE
Niedersachsen,Oberlandesgericht Oldenburg,OLGOL
Niedersachsen,Oberlandesgericht Oldenburg (Oldenburg),OLGOL
Niedersachsen,Sozialgericht Aurich,SGAURIC
Niedersachsen,Sozialgericht Braunschweig,SGBRAUN
Niedersachsen,Sozialgericht Hannover,SGHANNO
Niedersachsen,Sozialgericht Hildesheim,SGHILDE
Niedersachsen,Sozialgericht Lüneburg,SGLUENE
Niedersachsen,Sozialgericht Oldenburg (Oldenburg),SGOLDBG
Niedersachsen,Sozialgericht Osnabrück,SGOSNAB
Niedersachsen,Sozialgericht Stade,SGSTADE
Niedersachsen,Vergabekammer Niedersachsen,VKNI
Niedersachsen,Verwaltungsgericht Braunschweig,VGBRAUN
Niedersachsen,Verwaltungsgericht Göttingen,VGGOETT
Niedersachsen,Verwaltungsgericht Hannover,VGHANNO
Niedersachsen,Verwaltungsgericht Lüneburg,VGLUENE
Niedersachsen,Verwaltungsgericht Oldenburg (Oldenburg),VGOLDBG
Niedersachsen,Verwaltungsgericht Osnabrück,VGOSNAB
Niedersachsen,Verwaltungsgericht Stade,VGSTADE
Nordrhein-Westfalen,Amtsgericht Aachen,AGAC1
Nordrhein-Westfalen,Amtsgericht Ahaus,AGAH
Nordrhein-Westfalen,Amtsgericht Ahlen,AGWAF2
Nordrhein-Westfalen,Amtsgericht Altena,AGAL
Nordrhein-Westfalen,Amtsgericht Arnsberg,AGAR
Nordrhein-Westfalen,Amtsgericht Bad Berleburg,AGBLB
Nordrhein-Westfalen,Amtsgericht Bad Oeynhausen,AGMI2
Nordrhein-Westfalen,Amtsgericht Beckum,AGBE
Nordrhein-Westfalen,Amtsgericht Bergheim,AGBM1
Nordrhein-Westfalen,Amtsgericht Bergisch Gladbach,AGGL1
Nordrhein-Westfalen,Amtsgericht Bielefeld,AGBI
Nordrhein-Westfalen,Amtsgericht Blomberg,AGLIP
Nordrhein-Westfalen,Amtsgericht Bocholt,AGBOH
Nordrhein-Westfalen,Amtsgericht Bochum,AGBO
Nordrhein-Westfalen,Amtsgericht Bonn,AGBN
Nordrhein-Westfalen,Amtsgericht Borken,AGBOR1
Nordrhein-Westfalen,Amtsgericht Bottrop,AGBOT
Nordrhein-Westfalen,Amtsgericht Brakel,AGHX2
Nordrhein-Westfalen,Amtsgericht Brilon,AGBRI
Nordrhein-Westfalen,Amtsgericht Brühl,AGBM2
Nordrhein-Westfalen,Amtsgericht Bünde,AGHF2
Nordrhein-Westfalen,Amtsgericht Castrop-Rauxel,AGCAS
Nordrhein-Westfalen,Amtsgericht Coesfeld,AGCOE1
Nordrhein-Westfalen,Amtsgericht Delbrück,AGPB2
Nordrhein-Westfalen,Amtsgericht Detmold,AGDT
Nordrhein-Westfalen,Amtsgericht Dinslaken,AGDIN
Nordrhein-Westfalen,Amtsgericht Dorsten,AGRE2
Nordrhein-Westfalen,Amtsgericht Dortmund,AGDO
Nordrhein-Westfalen,Amtsgericht Duisburg,AGDU1
Nordrhein-Westfalen,Amtsgericht Duisburg-Hamborn,AGDU2
Nordrhein-Westfalen,Amtsgericht Duisburg-Ruhrort,AGDU3
Nordrhein-Westfalen,Amtsgericht Dülmen,AGCOE2
Nordrhein-Westfalen,Amtsgericht Düren,AGDN
Nordrhein-Westfalen,Amtsgericht Düsseldorf,AGD
Nordrhein-Westfalen,Amtsgericht Emmerich am Rhein,AGKLE2
Nordrhein-Westfalen,Amtsgericht Erkelenz,AGERK
Nordrhein-Westfalen,Amtsgericht Eschweiler,AGAC2
Nordrhein-Westfalen,Amtsgericht Essen,AGE1
Nordrhein-Westfalen,Amtsgericht Essen-Borbeck,AGE2
Nordrhein-Westfalen,Amtsgericht Essen-Steele,AGE3
Nordrhein-Westfalen,Amtsgericht Euskirchen,AGEU
Nordrhein-Westfalen,Amtsgericht Geilenkirchen,AGGK
Nordrhein-Westfalen,Amtsgericht Geldern,AGGEL
Nordrhein-Westfalen,Amtsgericht Gelsenkirchen,AGGE1
Nordrhein-Westfalen,Amtsgericht Gelsenkirchen-Buer,AGGE2
Nordrhein-Westfalen,Amtsgericht Gladbeck,AGGLA
Nordrhein-Westfalen,Amtsgericht Grevenbroich,AGGV
Nordrhein-Westfalen,Amtsgericht Gronau,AGBOR2
Nordrhein-Westfalen,Amtsgericht Gummersbach,AGGM1
Nordrhein-Westfalen,Amtsgericht Gütersloh,AGGT
Nordrhein-Westfalen,Amtsgericht Hagen,AGHA
Nordrhein-Westfalen,Amtsgericht Halle / Westfalen,AGHW
Nordrhein-Westfalen,Amtsgericht Halle,AGHW
Nordrhein-Westfalen,Amtsgericht Hamm,AGHAM
Nordrhein-Westfalen,Amtsgericht Hattingen,AGEN2
Nordrhein-Westfalen,Amtsgericht Heinsberg,AGHS
Nordrhein-Westfalen,Amtsgericht Herford,AGHF1
Nordrhein-Westfalen,Amtsgericht Herne,AGHER1
Nordrhein-Westfalen,Amtsgericht Herne-Wanne,AGHER2
Nordrhein-Westfalen,Amtsgericht Höxter,AGHX1
Nordrhein-Westfalen,Amtsgericht Ibbenbüren,AGST2
Nordrhein-Westfalen,Amtsgericht Iserlohn,AGIS
Nordrhein-Westfalen,Amtsgericht Jülich,AGJUEL
Nordrhein-Westfalen,Amtsgericht Kamen,AGUN2
Nordrhein-Westfalen,Amtsgericht Kempen,AGKK1
Nordrhein-Westfalen,Amtsgericht Kerpen,AGBM3
Nordrhein-Westfalen,Amtsgericht Kleve,AGKLE1
Nordrhein-Westfalen,Amtsgericht Köln,AGK
Nordrhein-Westfalen,Amtsgericht Königswinter,AGSU2
Nordrhein-Westfalen,Amtsgericht Krefeld,AGKR
Nordrhein-Westfalen,Amtsgericht Langenfeld,AGME2
Nordrhein-Westfalen,Amtsgericht Lemgo,AGLE
Nordrhein-Westfalen,Amtsgericht Lennestadt,AGOE2
Nordrhein-Westfalen,Amtsgericht Leverkusen,AGLEV
Nordrhein-Westfalen,Amtsgericht Lippstadt,AGLP
Nordrhein-Westfalen,Amtsgericht Lübbecke,AGLK
Nordrhein-Westfalen,Amtsgericht Lüdenscheid,AGLUED
Nordrhein-Westfalen,Amtsgericht Lüdinghausen,AGLH
Nordrhein-Westfalen,Amtsgericht Lünen,AGLUEN
Nordrhein-Westfalen,Amtsgericht Marl,AGRE3
Nordrhein-Westfalen,Amtsgericht Marsberg,AGHSK1
Nordrhein-Westfalen,Amtsgericht Medebach,AGHSK2
Nordrhein-Westfalen,Amtsgericht Meinerzhagen,AGMK1
Nordrhein-Westfalen,Amtsgericht Menden,AGMK2
Nordrhein-Westfalen,Amtsgericht Meschede,AGMES
Nordrhein-Westfalen,Amtsgericht Mettmann,AGME1
Nordrhein-Westfalen,Amtsgericht Minden,AGMI1
Nordrhein-Westfalen,Amtsgericht Moers,AGMO
Nordrhein-Westfalen,Amtsgericht Mönchengladbach,AGMG1
Nordrhein-Westfalen,Amtsgericht Mönchengladbach-Rheydt,AGMG2
Nordrhein-Westfalen,Amtsgericht Monschau,AGMON
Nordrhein-Westfalen,Amtsgericht Mülheim an der Ruhr,AGMH
Nordrhein-Westfalen,Amtsgericht Münster,AGMS
Nordrhein-Westfalen,Amtsgericht Nettetal,AGKK2
Nordrhein-Westfalen,Amtsgericht Neuss,AGNE
Nordrhein-Westfalen,Amtsgericht Oberhausen,AGOB
Nordrhein-Westfalen,Amtsgericht Olpe,AGOE1
Nordrhein-Westfalen,Amtsgericht Paderborn,AGPB1
Nordrhein-Westfalen,Amtsgericht Plettenberg,AGMK3
Nordrhein-Westfalen,Amtsgericht Rahden,AGMI3
Nordrhein-Westfalen,Amtsgericht Ratingen,AGME3
Nordrhein-Westfalen,Amtsgericht Recklinghausen,AGRE1
Nordrhein-Westfalen,Amtsgericht Remscheid,AGRS
Nordrhein-Westfalen,Amtsgericht Rheda-Wiedenbrück,AGWD
Nordrhein-Westfalen,Amtsgericht Rheinbach,AGSU3
Nordrhein-Westfalen,Amtsgericht Rheinberg,AGWES2
Nordrhein-Westfalen,Amtsgericht Rheine,AGST3
Nordrhein-Westfalen,Amtsgericht Schleiden,AGSLE
Nordrhein-Westfalen,Amtsgericht Schmallenberg,AGHSK3
Nordrhein-Westfalen,Amtsgericht Schwelm,AGEN1
Nordrhein-Westfalen,Amtsgericht Schwerte,AGUN3
Nordrhein-Westfalen,Amtsgericht Siegburg,AGSU1
Nordrhein-Westfalen,Amtsgericht Siegen,AGSI
Nordrhein-Westfalen,Amtsgericht Soest,AGSO1
Nordrhein-Westfalen,Amtsgericht Solingen,AGSG
Nordrhein-Westfalen,Amtsgericht Steinfurt,AGST1
Nordrhein-Westfalen,Amtsgericht Tecklenburg,AGTE
Nordrhein-Westfalen,Amtsgericht Unna,AGUN1
Nordrhein-Westfalen,Amtsgericht Velbert,AGME4
Nordrhein-Westfalen,Amtsgericht Viersen,AGVIE
Nordrhein-Westfalen,Amtsgericht Waldbröl,AGGM2
Nordrhein-Westfalen,Amtsgericht Warburg,AGWAR
Nordrhein-Westfalen,Amtsgericht Warendorf,AGWAF1
Nordrhein-Westfalen,Amtsgericht Warstein,AGSO2
Nordrhein-Westfalen,Amtsgericht Werl,AGSO3
Nordrhein-Westfalen,Amtsgericht Wermelskirchen,AGGL2
Nordrhein-Westfalen,Amtsgericht Wesel,AGWES1
Nordrhein-Westfalen,Amtsgericht Wetter,AGEN3
Nordrhein-Westfalen,Amtsgericht Wipperfürth,AGGM3
Nordrhein-Westfalen,Amtsgericht Witten,AGWIT
Nordrhein-Westfalen,Amtsgericht Wuppertal,AGW
Nordrhein-Westfalen,Anwaltsgericht Kammerbezirk Düsseldorf,AWGD
Nordrhein-Westfalen,Anwaltsgericht Düsseldorf,AWGD
Nordrhein-Westfalen,Anwaltsgericht Kammerbezirk Hamm,AWGHAM
Nordrhein-Westfalen,Anwaltsgericht Hamm,AWGHAM
Nordrhein-Westfalen,Anwaltsgerichtshof Hamm,AWGHAM
Nordrhein-Westfalen,Anwaltsgericht Kammerbezirk Köln,AWGK
Nordrhein-Westfalen,Anwaltsgericht Köln,AWGK
Nordrhein-Westfalen,Anwaltsgerichtshof,AWGHNRW
Nordrhein-Westfalen,Anwaltsgerichtshof NRW,AWGHNRW
Nordrhein-Westfalen,Arbeitsgericht Aachen,ARBGAC
Nordrhein-Westfalen,Arbeitsgericht Arnsberg,ARBGAR
Nordrhein-Westfalen,Arbeitsgericht Bielefeld,ARBGBI
Nordrhein-Westfalen,Arbeitsgericht Bocholt,ARBGBOH
Nordrhein-Westfalen,Arbeitsgericht Bochum,ARBGBO
Nordrhein-Westfalen,Arbeitsgericht Bonn,ARBGBN
Nordrhein-Westfalen,Arbeitsgericht Detmold,ARBGDT
Nordrhein-Westfalen,Arbeitsgericht Dortmund,ARBGDO
Nordrhein-Westfalen,Arbeitsgericht Duisburg,ARBGDU
Nordrhein-Westfalen,Arbeitsgericht Düsseldorf,ARBGD
Nordrhein-Westfalen,Arbeitsgericht Essen,ARBGE
Nordrhein-Westfalen,Landesarbeitsgericht Essen,ARBGE
Nordrhein-Westfalen,Arbeitsgericht Gelsenkirchen,ARBGGE
Nordrhein-Westfalen,Arbeitsgericht Hagen,ARBGHA
Nordrhein-Westfalen,Arbeitsgericht Hamm,ARBGHAM
Nordrhein-Westfalen,Arbeitsgericht Herford,ARBGHF
Nordrhein-Westfalen,Arbeitsgericht Herne,ARBGHER
Nordrhein-Westfalen,Arbeitsgericht Iserlohn,ARBGIS
Nordrhein-Westfalen,Arbeitsgericht Köln,ARBGK
Nordrhein-Westfalen,Arbeitsgericht Krefeld,ARBGKR
Nordrhein-Westfalen,Arbeitsgericht Minden,ARBGMI
Nordrhein-Westfalen,Arbeitsgericht Mönchengladbach,ARBGMG
Nordrhein-Westfalen,Arbeitsgericht Münster,ARBGMS
Nordrhein-Westfalen,Arbeitsgericht Oberhausen,ARBGOB
Nordrhein-Westfalen,Arbeitsgericht Paderborn,ARBGPB
Nordrhein-Westfalen,Arbeitsgericht Rheine,ARBGST
Nordrhein-Westfalen,Arbeitsgericht Siegburg,ARBGSU
Nordrhein-Westfalen,Arbeitsgericht Siegen,ARBGSI
Nordrhein-Westfalen,Arbeitsgericht Solingen,ARBGSG
Nordrhein-Westfalen,Arbeitsgericht Wesel,ARBGWES
Nordrhein-Westfalen,Arbeitsgericht Wuppertal,ARBGW
Nordrhein-Westfalen,"Berufsgericht für Architekten, Architektinnen, Stadtplaner und Stadtplanerinnen",BGANRW
Nordrhein-Westfalen,"Berufsgericht für Architekten, Architektinnen, Stadtplaner und Stadtplanerinnen NRW",BGANRW
Nordrhein-Westfalen,Berufsgericht für Beratende Ingenieure und Ingenieurinnen sowie Ingenieure und Ingenieurinnen im Bauwesen,BGINRW
Nordrhein-Westfalen,Berufsgericht für Beratende Ingenieure und Ingenieurinnen sowie Ingenieure und Ingenieurinnen im Bauwesen NRW,BGINRW
Nordrhein-Westfalen,Berufsgericht für Heilberufe Köln,BGHK
Nordrhein-Westfalen,Berufsgericht für Heilberufe Münster,BGHMS
Nordrhein-Westfalen,Dienstgericht für Richter,DGNRW
Nordrhein-Westfalen,Dienstgericht NRW,DGNRW
Nordrhein-Westfalen,Dienstgerichtshof für Richter,DGHNRW
Nordrhein-Westfalen,Dienstgerichtshof NRW,DGHNRW
Nordrhein-Westfalen,Finanzgericht Düsseldorf,FGD
Nordrhein-Westfalen,Finanzgericht Köln,FGK
Nordrhein-Westfalen,Finanzgericht Münster,FGMS
Nordrhein-Westfalen,Landesarbeitsgericht Düsseldorf,LAGD
Nordrhein-Westfalen,Landesarbeitsgericht Hamm,LAGHAM
Nordrhein-Westfalen,Landesarbeitsgericht Köln,LAGK
Nordrhein-Westfalen,"Landesberufsgericht für Architekten, Architektinnen, Stadtplaner und Stadtplanerinnen",LBGANRW
Nordrhein-Westfalen,"Landesberufsgericht für Architekten, Architektinnen, Stadtplaner und Stadtplanerinnen NRW",LBGANRW
Nordrhein-Westfalen,Landesberufsgericht für Beratende Ingenieure und Ingenieurinnen sowie Ingenieure und Ingenieurinnen im Bauwesen,LBGINRW
Nordrhein-Westfalen,Landesberufsgericht für Beratende Ingenieure und Ingenieurinnen sowie Ingenieure und Ingenieurinnen im Bauwesen NRW,LBGINRW
Nordrhein-Westfalen,Landesberufsgericht für Heilberufe,LBGHNRW
Nordrhein-Westfalen,Landesberufsgericht für Heilberufe NRW,LBGHNRW
Nordrhein-Westfalen,Berufsgericht für Heilberufe NRW,LBGHNRW
Nordrhein-Westfalen,Landessozialgericht,LSGNRW
Nordrhein-Westfalen,Landessozialgericht NRW,LSGNRW
Nordrhein-Westfalen,Landgericht Aachen,LGAC
Nordrhein-Westfalen,Landgericht Arnsberg,LGAR
Nordrhein-Westfalen,Landgericht Bielefeld,LGBI
Nordrhein-Westfalen,Landgericht Bochum,LGBO
Nordrhein-Westfalen,Landgericht Bonn,LGBN
Nordrhein-Westfalen,Landgericht Detmold,LGDT
Nordrhein-Westfalen,Landgericht Dortmund,LGDO
Nordrhein-Westfalen,Landgericht Duisburg,LGDU
Nordrhein-Westfalen,Landgericht Düsseldorf,LGD
Nordrhein-Westfalen,Landgericht Essen,LGE
Nordrhein-Westfalen,Landgericht Hagen,LGHA
Nordrhein-Westfalen,Landgericht Kleve,LGKLE
Nordrhein-Westfalen,Landgericht Köln,LGK
Nordrhein-Westfalen,Landgericht Krefeld,LGKR
Nordrhein-Westfalen,Landgericht Mönchengladbach,LGMG
Nordrhein-Westfalen,Landgericht Münster,LGMS
Nordrhein-Westfalen,Landgericht Paderborn,LGPB
Nordrhein-Westfalen,Landgericht Siegen,LGSI
Nordrhein-Westfalen,Landgericht Wuppertal,LGW
Nordrhein-Westfalen,Moselschifffahrtsobergericht Köln,MSCHOGK
Nordrhein-Westfalen,Oberlandesgericht Düsseldorf,OLGD
Nordrhein-Westfalen,Oberlandesgericht Hamm,OLGHAM
Nordrhein-Westfalen,Oberlandesgericht Köln,OLGK
Nordrhein-Westfalen,Oberverwaltungsgericht,OVGNRW
Nordrhein-Westfalen,Oberverwaltungsgericht NRW,OVGNRW
Nordrhein-Westfalen,Oberverwaltungsgericht Nordrhein-Westfalen,OVGNRW
Nordrhein-Westfalen,Rheinschifffahrtsgericht Duisburg-Ruhrort,RSCHGDU
Nordrhein-Westfalen,Rheinschifffahrtsobergericht Köln,RSCHOGK
Nordrhein-Westfalen,Schifffahrtsgericht Dortmund,SCHGDO
Nordrhein-Westfalen,Schifffahrtsgericht Duisburg-Ruhrort,SCHGDU
Nordrhein-Westfalen,Schifffahrtsgericht Minden,SCHGMI
Nordrhein-Westfalen,Schifffahrtsobergericht Hamm,SCHOGHA
Nordrhein-Westfalen,Schifffahrtsobergericht Köln,SCHOGK
Nordrhein-Westfalen,Sozialgericht Aachen,SGAC
Nordrhein-Westfalen,Sozialgericht Detmold,SGDT
Nordrhein-Westfalen,Sozialgericht Dortmund,SGDO
Nordrhein-Westfalen,Sozialgericht Duisburg,SGDU
Nordrhein-Westfalen,Sozialgericht Düsseldorf,SGD
Nordrhein-Westfalen,Sozialgericht Gelsenkirchen,SGGE
Nordrhein-Westfalen,Sozialgericht Köln,SGK
Nordrhein-Westfalen,Sozialgericht Münster,SGMS
Nordrhein-Westfalen,Verfassungsgerichtshof,VFGHNRW
Nordrhein-Westfalen,Verfassungsgerichtshof NRW,VFGHNRW
Nordrhein-Westfalen,Vergabekammer Rheinland Spruchkörper Düsseldorf,VKD
Nordrhein-Westfalen,Vergabekammer Rheinland Spruchkörper Köln,VKK
Nordrhein-Westfalen,Vergabekammer Westfalen,VKMS
Nordrhein-Westfalen,Verwaltungsgericht Aachen,VGAC
Nordrhein-Westfalen,Verwaltungsgericht Arnsberg,VGAR
Nordrhein-Westfalen,Verwaltungsgericht Düsseldorf,VGD
Nordrhein-Westfalen,Verwaltungsgericht Gelsenkirchen,VGGE
Nordrhein-Westfalen,Verwaltungsgericht Köln,VGK
Nordrhein-Westfalen,Verwaltungsgericht Minden,VGMI
Nordrhein-Westfalen,Verwaltungsgericht Münster,VGMS
Rheinland-Pfalz,Amtsgericht Altenkirchen (Westerwald),AGALTWW
Rheinland-Pfalz,Amtsgericht Altenkirchen,AGALTWW
Rheinland-Pfalz,Amtsgericht Alzey,AGALZEY
Rheinland-Pfalz,Amtsgericht Andernach,AGANDER
Rheinland-Pfalz,Amtsgericht Bad Dürkheim,AGBDDUE
Rheinland-Pfalz,Amtsgericht Bad Kreuznach,AGBDKRE
Rheinland-Pfalz,Amtsgericht Bad Neuenahr-Ahrweiler,AGBDNAA
Rheinland-Pfalz,Amtsgericht Bad Sobernheim,AGBDSOB
Rheinland-Pfalz,Amtsgericht Bernkastel-Kues,AGBERNK
Rheinland-Pfalz,Amtsgericht Betzdorf,AGBETZD
Rheinland-Pfalz,Amtsgericht Bingen am Rhein,AGBINGE
Rheinland-Pfalz,Amtsgericht Bingen,AGBINGE
Rheinland-Pfalz,Amtsgericht Bitburg,AGBITBU
Rheinland-Pfalz,Amtsgericht Cochem,AGCOCHE
Rheinland-Pfalz,Amtsgericht Daun,AGDAUN
Rheinland-Pfalz,Amtsgericht Diez,AGDIEZ
Rheinland-Pfalz,Amtsgericht Frankenthal (Pfalz),AGFRAPF
Rheinland-Pfalz,Amtsgericht Frankenthal,AGFRAPF
Rheinland-Pfalz,Amtsgericht Germersheim,AGGERME 
Rheinland-Pfalz,Amtsgericht Grünstadt,AGGRUEN
Rheinland-Pfalz,Amtsgericht Hermeskeil,AGHERME
Rheinland-Pfalz,Amtsgericht Idar-Oberstein,AGIDARO
Rheinland-Pfalz,Amtsgericht Kaiserslautern,AGKAISE
Rheinland-Pfalz,Amtsgericht Kandel,AGKANDE
Rheinland-Pfalz,Amtsgericht Koblenz,AGKOBLE
Rheinland-Pfalz,Amtsgericht Kusel,AGKUSEL
Rheinland-Pfalz,Amtsgericht Lahnstein,AGLAHNS
Rheinland-Pfalz,Amtsgericht Landau in der Pfalz,AGLANPF
Rheinland-Pfalz,Amtsgericht Landau (Pfalz),AGLANPF
Rheinland-Pfalz,Amtsgericht Landstuhl,AGLANDS
Rheinland-Pfalz,Amtsgericht Linz am Rhein,AGLINZ
Rheinland-Pfalz,Amtsgericht Ludwigshafen am Rhein,AGLUDWI
Rheinland-Pfalz,Amtsgericht Ludwigshafen,AGLUDWI
Rheinland-Pfalz,Amtsgericht Mainz,AGMAINZ
Rheinland-Pfalz,Amtsgericht Mayen,AGMAYEN
Rheinland-Pfalz,Amtsgericht Montabaur,AGMONTA
Rheinland-Pfalz,Amtsgericht Neustadt an der Weinstraße,AGNEUWS
Rheinland-Pfalz,Amtsgericht Neustadt (Weinstraße),AGNEUWS
Rheinland-Pfalz,Amtsgericht Neuwied,AGNEUWI
Rheinland-Pfalz,Amtsgericht Pirmasens,AGPIRMA
Rheinland-Pfalz,Amtsgericht Prüm,AGPRUEM
Rheinland-Pfalz,Amtsgericht Rockenhausen,AGROCKE
Rheinland-Pfalz,Amtsgericht Saarburg,AGSAARB
Rheinland-Pfalz,Amtsgericht Sankt Goar,AGSTGOA
Rheinland-Pfalz,Amtsgericht Simmern (Hunsrück),AGSIMME
Rheinland-Pfalz,Amtsgericht Simmern,AGSIMME
Rheinland-Pfalz,Amtsgericht Sinzig,AGSINZI
Rheinland-Pfalz,Amtsgericht Speyer,AGSPEYE
Rheinland-Pfalz,Amtsgericht Trier,AGTRIER
Rheinland-Pfalz,Amtsgericht Westerburg,AGWESTE
Rheinland-Pfalz,Amtsgericht Wittlich,AGWITTL
Rheinland-Pfalz,Amtsgericht Worms,AGWORMS
Rheinland-Pfalz,Amtsgericht Zweibrücken,AGZWEIB
Rheinland-Pfalz,Anwaltsgericht für den Bezirk der Pfälzischen Rechtsanwaltskammer Zweibrücken,AWGZWEI
Rheinland-Pfalz,Anwaltsgericht für den Bezirk der Rechtsanwaltskammer Koblenz,AWGKOBL
Rheinland-Pfalz,Anwaltsgerichtshof Rheinland-Pfalz,AWGHRLP
Rheinland-Pfalz,Arbeitsgericht Kaiserslautern,ARBGKAI
Rheinland-Pfalz,Arbeitsgericht Koblenz,ARBGKOB
Rheinland-Pfalz,Arbeitsgericht Ludwigshafen am Rhein,ARBGLUD
Rheinland-Pfalz,Arbeitsgericht Ludwigshafen,ARBGLUD
Rheinland-Pfalz,Arbeitsgericht Mainz,ARBGMAI
Rheinland-Pfalz,Arbeitsgericht Trier,ARBGTRI
Rheinland-Pfalz,Finanzgericht Rheinland-Pfalz,FGRLP
Rheinland-Pfalz,Landesarbeitsgericht Rheinland-Pfalz,LAGRLP
Rheinland-Pfalz,Landessozialgericht Rheinland-Pfalz,LSGRLP
Rheinland-Pfalz,Landgericht Bad Kreuznach,LGBDKRE
Rheinland-Pfalz,Landgericht Frankenthal (Pfalz),LGFRAPF
Rheinland-Pfalz,Landgericht Frankenthal,LGFRAPF
Rheinland-Pfalz,Landgericht Kaiserslautern,LGKAISE
Rheinland-Pfalz,Landgericht Koblenz,LGKOBLE
Rheinland-Pfalz,Landgericht Landau in der Pfalz,LGLANPF
Rheinland-Pfalz,Landgericht Landau (Pfalz),LGLANPF
Rheinland-Pfalz,Landgericht Mainz,LGMAINZ
Rheinland-Pfalz,Landgericht Trier,LGTRIER
Rheinland-Pfalz,Landgericht Zweibrücken,LGZWEIB
Rheinland-Pfalz,Oberlandesgericht Koblenz,OLGKOBL
Rheinland-Pfalz,Dienstgerichtshof für Richter bei dem Oberlandesgericht Koblenz,OLGKOBL
Rheinland-Pfalz,Oberverwaltungsgericht Rheinland-Pfalz,OVGRLP
Rheinland-Pfalz,Pfälzisches Oberlandesgericht Zweibrücken,POLGZWE
Rheinland-Pfalz,Dienstgericht Zweibrücken,POLGZWE
Rheinland-Pfalz,Oberlandesgericht Zweibrücken,POLGZWE
Rheinland-Pfalz,Sozialgericht Koblenz,SGKOBLE
Rheinland-Pfalz,Sozialgericht Mainz,SGMAINZ
Rheinland-Pfalz,Sozialgericht Speyer,SGSPEYE
Rheinland-Pfalz,Sozialgericht Trier,SGTRIER
Rheinland-Pfalz,Verfassungsgerichtshof Rheinland-Pfalz,VERFGRP
Rheinland-Pfalz,Vergabekammer Rheinland-Pfalz,VKRP
Rheinland-Pfalz,Verwaltungsgericht Koblenz,VGKOBLE
Rheinland-Pfalz,Verwaltungsgericht Mainz,VGMAINZ
Rheinland-Pfalz,Verwaltungsgericht Neustadt an der Weinstraße,VGNEUST
Rheinland-Pfalz,Verwaltungsgericht Neustadt (Weinstraße),VGNEUST
Rheinland-Pfalz,Verwaltungsgericht Trier,VGTRIER
Rheinland-Pfalz,Landesberufsgericht für Heilberufe Koblenz,LBGHRLP
Rheinland-Pfalz,Landesberufsgericht für Architekten Koblenz,LBGARLP
Saarland,Amtsgericht Homburg,AGHOM
Saarland,Amtsgericht Lebach,AGLEB
Saarland,Amtsgericht Merzig,AGMERZI
Saarland,Amtsgericht Neunkirchen,AGNEUNK
Saarland,Amtsgericht Ottweiler,AGOTTWE
Saarland,Amtsgericht Saarbrücken,AGSB
Saarland,Amtsgericht Saarlouis,AGSAARL
Saarland,Amtsgericht Sankt Ingbert,AGSTING
Saarland,Amtsgericht St. Ingbert,AGSTING
Saarland,Amtsgericht St. Wendel,AGSTWEN
Saarland,Amtsgericht Völklingen,AGVOELK
Saarland,Anwaltsgericht Saarbrücken,AWGSB
Saarland,Anwaltsgerichtshof Saarland Saarbrücken,AWGHSL
Saarland,Arbeitsgericht Neunkirchen,ARBGNK
Saarland,Arbeitsgericht Saarbrücken,ARBGSA1
Saarland,Arbeitsgericht Saarland Saarbrücken,ARBGSL
Saarland,Arbeitsgericht Saarlouis,ARBGSA2
Saarland,Finanzgericht des Saarlandes,FGSL
Saarland,Finanzgericht Saarland,FGSL
Saarland,Landesarbeitsgericht Saarland Saarbrücken,LAGSL
Saarland,Landesarbeitsgericht Saarland,LAGSL
Saarland,Landessozialgericht für das Saarland,LSGSL
Saarland,Landgericht Saarbrücken,LGSAARB
Saarland,Oberverwaltungsgericht des Saarlandes,OVGSL
Saarland,Oberverwaltungsgericht Saarland,OVGSL
Saarland,Saarländisches Oberlandesgericht Saarbrücken,OLGSL
Saarland,Saarländisches Oberlandesgericht,OLGSL
Saarland,Sozialgericht für das Saarland,SGSL
Saarland,Verfassungsgerichtshof des Saarlandes,VGHSL
Saarland,Vergabekammern des Saarlandes,VKSL
Saarland,Vergabekammer des Saarlandes,VKSL
Saarland,Verwaltungsgericht des Saarlandes Saarlouis,VGSL
Saarland,Verwaltungsgericht des Saarlandes,VGSL
Saarland,Ärztegerichtshof des Saarlandes,BGHSL
Sachsen,Amtsgericht Aue,AGAUE
Sachsen,Amtsgericht Auerbach,AGAUERB
Sachsen,Amtsgericht Auerbach (Vogtland),AGAUERB
Sachsen,Amtsgericht Bautzen,AGBAUTZ
Sachsen,Amtsgericht Borna,AGBORNA
Sachsen,Amtsgericht Chemnitz,AGCHEMN
Sachsen,Amtsgericht Dippoldiswalde,AGDIPPO
Sachsen,Amtsgericht Döbeln,AGDOEBE
Sachsen,Amtsgericht Dresden,AGDRESD
Sachsen,Amtsgericht Eilenburg,AGEILEN
Sachsen,Amtsgericht Freiberg,AGFREI2
Sachsen,Amtsgericht Görlitz,AGGOERL
Sachsen,Amtsgericht Grimma,AGGRIMM
Sachsen,Amtsgericht Hohenstein-Ernstthal,AGHOHEN
Sachsen,Amtsgericht Hoyerswerda,AGHOYER
Sachsen,Amtsgericht Kamenz,AGKAMEN
Sachsen,Amtsgericht Leipzig,AGLEIPZ
Sachsen,Amtsgericht Marienberg,AGMARIE
Sachsen,Amtsgericht Meißen,AGMEISS
Sachsen,Amtsgericht Pirna,AGPIRNA
Sachsen,Amtsgericht Plauen,AGPLAUE
Sachsen,Amtsgericht Riesa,AGRIESA
Sachsen,Amtsgericht Torgau,AGTORGA
Sachsen,Amtsgericht Weißwasser,AGWEISW
Sachsen,Amtsgericht Zittau,AGZITTA
Sachsen,Amtsgericht Zwickau,AGZWICK
Sachsen,Anwaltsgericht Sachsen,AWGSN
Sachsen,Anwaltsgerichtshof Sachsen,AWGHSN
Sachsen,Arbeitsgericht Bautzen,ARGBAUT
Sachsen,Arbeitsgericht Chemnitz,ARGCHEM
Sachsen,Arbeitsgericht Dresden,ARGDRES
Sachsen,Arbeitsgericht Leipzig,ARGLEIP
Sachsen,Arbeitsgericht Zwickau,ARGZWIC
Sachsen,Landgericht Chemnitz,LGCHEMN
Sachsen,Landgericht Dresden,LGDRESD
Sachsen,Landgericht Görlitz,LGGOERL
Sachsen,Landgericht Leipzig,LGLEIPZ
Sachsen,Landgericht Zwickau,LGZWICK
Sachsen,Oberlandesgericht Dresden,OLGDRES
Sachsen,Sächsisches Finanzgericht,FGSN
Sachsen,Finanzgericht Sachsen,FGSN
Sachsen,Sächsisches Landesarbeitsgericht,LAGSN
Sachsen,Sächsisches Landessozialgericht,LSGSN
Sachsen,Sächsisches Oberverwaltungsgericht,OVGSN
Sachsen,Sozialgericht Chemnitz,SGCHEMN
Sachsen,Sozialgericht Dresden,SGDRESD
Sachsen,Sozialgericht Leipzig,SGLEIPZ
Sachsen,Verfassungsgerichtshof des Freistaates Sachsen,VERFGSN
Sachsen,Vergabekammer des Freistaates Sachsen,VKSN
Sachsen,Verwaltungsgericht Chemnitz,VGCHEMN
Sachsen,Verwaltungsgericht Dresden,VGDRESD
Sachsen,Verwaltungsgericht Leipzig,VGLEIPZ
Sachsen-Anhalt,Amtsgericht Aschersleben,AGASCHE
Sachsen-Anhalt,Amtsgericht Bernburg,AGBERNB
Sachsen-Anhalt,Amtsgericht Bitterfeld-Wolfen,AGBITTE
Sachsen-Anhalt,Amtsgericht Burg,AGBURG
Sachsen-Anhalt,Amtsgericht Dessau-Roßlau,AGDESSA
Sachsen-Anhalt,Amtsgericht Eisleben,AGEISLE
Sachsen-Anhalt,Amtsgericht Gardelegen,AGGARDE
Sachsen-Anhalt,Amtsgericht Halberstadt,AGHALBE
Sachsen-Anhalt,Amtsgericht Haldensleben,AGHALDE
Sachsen-Anhalt,Amtsgericht Halle (Saale),AGHALLE
Sachsen-Anhalt,Amtsgericht Köthen,AGKOETE
Sachsen-Anhalt,Amtsgericht Magdeburg,AGMAGDE
Sachsen-Anhalt,Amtsgericht Merseburg,AGMERSE
Sachsen-Anhalt,Amtsgericht Naumburg,AGNAUMB
Sachsen-Anhalt,Amtsgericht Oschersleben,AGOSCHE
Sachsen-Anhalt,Amtsgericht Quedlinburg,AGQUEDL
Sachsen-Anhalt,Amtsgericht Salzwedel,AGSALZW
Sachsen-Anhalt,Amtsgericht Sangerhausen,AGSANGE
Sachsen-Anhalt,Amtsgericht Schönebeck,AGSBK
Sachsen-Anhalt,Amtsgericht Stendal,AGSTEND
Sachsen-Anhalt,Amtsgericht Weißenfels,AGWEISS
Sachsen-Anhalt,Amtsgericht Wernigerode,AGWERNI
Sachsen-Anhalt,Amtsgericht Wittenberg,AGWITTE
Sachsen-Anhalt,Amtsgericht Zeitz,AGZEITZ
Sachsen-Anhalt,Amtsgericht Zerbst,AGZERBS
Sachsen-Anhalt,Anwaltsgericht für den Bezirk der Rechtsanwaltskammer des Landes Sachsen-Anhalt,AWGLSA
Sachsen-Anhalt,Anwaltsgerichtshof des Landes Sachsen-Anhalt,AWGHLSA
Sachsen-Anhalt,Anwaltsgerichtshof Naumburg,AWGHLSA
Sachsen-Anhalt,Arbeitsgericht Dessau-Roßlau,ARBGDES
Sachsen-Anhalt,Arbeitsgericht Halle,ARBGHAL
Sachsen-Anhalt,Arbeitsgericht Halle (Saale),ARBGHAL
Sachsen-Anhalt,Arbeitsgericht Magdeburg,ARBGMAG
Sachsen-Anhalt,Arbeitsgericht Stendal,ARBGSTE
Sachsen-Anhalt,Finanzgericht des Landes Sachsen-Anhalt,FGST
Sachsen-Anhalt,Finanzgericht Sachsen-Anhalt,FGST
Sachsen-Anhalt,Landesarbeitsgericht Sachsen-Anhalt,LAGST
Sachsen-Anhalt,Landessozialgericht Sachsen-Anhalt,LSGST
Sachsen-Anhalt,Landesverfassungsgericht Sachsen-Anhalt,LVGST
Sachsen-Anhalt,Landgericht Dessau-Roßlau,LGDESSA
Sachsen-Anhalt,Landgericht Halle,LGHALLE
Sachsen-Anhalt,Landgericht Halle (Saale),LGHALLE
Sachsen-Anhalt,Landgericht Magdeburg,LGMAGDE
Sachsen-Anhalt,Landgericht Stendal,LGSTEND
Sachsen-Anhalt,Oberlandesgericht Naumburg,OLGNAUM
Sachsen-Anhalt,Generalstaatsanwaltschaft beim Oberlandesgericht Naumburg,OLGNAUM
Sachsen-Anhalt,Oberlandesgericht des Landes Sachsen-Anhalt,OLGNAUM
Sachsen-Anhalt,Oberverwaltungsgericht des Landes Sachsen-Anhalt,OVGST
Sachsen-Anhalt,Oberverwaltungsgericht Sachsen-Anhalt,OVGST
Sachsen-Anhalt,Sozialgericht Dessau-Roßlau,SGDESSA
Sachsen-Anhalt,Sozialgericht Halle,SGHALLE
Sachsen-Anhalt,Sozialgericht Halle (Saale),SGHALLE
Sachsen-Anhalt,Sozialgericht Magdeburg,SGMAGDE
Sachsen-Anhalt,Vergabekammern des Landes Sachsen-Anhalt,VKST
Sachsen-Anhalt,Vergabekammer Sachsen-Anhalt,VKST
Sachsen-Anhalt,Verwaltungsgericht Halle,VGHALLE
Sachsen-Anhalt,Verwaltungsgericht Halle (Saale),VGHALLE
Sachsen-Anhalt,Verwaltungsgericht Magdeburg,VGMAGDE
Sachsen-Anhalt,Dienstgericht Magdeburg,DGMAGDE
Schleswig-Holstein,Amtsgericht Ahrensburg,AGAHREN
Schleswig-Holstein,Amtsgericht Bad Segeberg,AGBADSE
Schleswig-Holstein,Amtsgericht Eckernförde,AGECKER
Schleswig-Holstein,Amtsgericht Elmshorn,AGELMSH
Schleswig-Holstein,Amtsgericht Eutin,AGEUTIN
Schleswig-Holstein,Amtsgericht Flensburg,AGFLENS
Schleswig-Holstein,Amtsgericht Husum,AGHUSUM
Schleswig-Holstein,Amtsgericht Itzehoe,AGITZEH
Schleswig-Holstein,Amtsgericht Kiel,AGKIEL
Schleswig-Holstein,Amtsgericht Lübeck,AGLUEBE
Schleswig-Holstein,Amtsgericht Meldorf,AGMELDO
Schleswig-Holstein,Amtsgericht Neumünster,AGNEUMU
Schleswig-Holstein,Amtsgericht Niebüll,AGNIEBU
Schleswig-Holstein,Amtsgericht Norderstedt,AGNORDE
Schleswig-Holstein,Amtsgericht Oldenburg (Holstein),AGOLDEN
Schleswig-Holstein,Amtsgericht Pinneberg,AGPINNE
Schleswig-Holstein,Amtsgericht Plön,AGPLOEN
Schleswig-Holstein,Amtsgericht Ratzeburg,AGRATZE
Schleswig-Holstein,Amtsgericht Reinbek,AGREINB
Schleswig-Holstein,Amtsgericht Rendsburg,AGRENDS
Schleswig-Holstein,Amtsgericht Schleswig,AGSCHLE
Schleswig-Holstein,Amtsgericht Schwarzenbek,AGSCHW4
Schleswig-Holstein,Anwaltsgericht Schleswig,AWGSCHL
Schleswig-Holstein,Anwaltsgerichtshof Schleswig-Holstein,AWGHSH
Schleswig-Holstein,Anwaltsgerichtshof Schleswig,AWGHSH
Schleswig-Holstein,Arbeitsgericht Elmshorn,ARBGELM
Schleswig-Holstein,Arbeitsgericht Flensburg,ARBGFLE
Schleswig-Holstein,Arbeitsgericht Kiel,ARBGKIE
Schleswig-Holstein,Arbeitsgericht Luebeck,ARBGLUE
Schleswig-Holstein,Arbeitsgericht Lübeck,ARBGLUE
Schleswig-Holstein,Arbeitsgericht Neumünster,ARBGNMS
Schleswig-Holstein,Landesarbeitsgericht Schleswig-Holstein,LARBGSH
Schleswig-Holstein,Landgericht Flensburg,LGFLENS
Schleswig-Holstein,Landgericht Itzehoe,LGITZEH
Schleswig-Holstein,Landgericht Kiel,LGKIEL
Schleswig-Holstein,Landgericht Lübeck,LGLUEBE
Schleswig-Holstein,Schleswig-Holsteinisches Oberverwaltungsgericht,OVGSH
Schleswig-Holstein,Oberverwaltungsgericht für das Land Schleswig-Holstein,OVGSH
Schleswig-Holstein,Schleswig-Holsteinisches Finanzgericht,FGSH
Schleswig-Holstein,Finanzgericht Schleswig-Holstein,FGSH
Schleswig-Holstein,Schleswig-Holsteinisches Landessozialgericht,LSGSH
Schleswig-Holstein,Schleswig-Holsteinisches Landesverfassungsgericht,LVGSH
Schleswig-Holstein,Landesverfassungsgericht Schleswig-Holstein,LVGSH
Schleswig-Holstein,Schleswig-Holsteinisches Oberlandesgericht,OLGSH
Schleswig-Holstein,Oberlandesgericht Schleswig,OLGSH
Schleswig-Holstein,Schleswig-Holsteinisches Verwaltungsgericht,VGSH
Schleswig-Holstein,Sozialgericht Itzehoe,SGITZEH
Schleswig-Holstein,Sozialgericht Kiel,SGKIEL
Schleswig-Holstein,Sozialgericht Luebeck,SGLUEBE
Schleswig-Holstein,Sozialgericht Lübeck,SGLUEBE
Schleswig-Holstein,Sozialgericht Schleswig,SGSCHLE
Schleswig-Holstein,Vergabekammer Schlwesig-Holstein,VKSH
Thüringen,Amtsgericht Altenburg,AGALTEN
Thüringen,Amtsgericht Apolda,AGAPOLD
Thüringen,Amtsgericht Arnstadt,AGARNST
Thüringen,Amtsgericht Bad Salzungen,AGBADSA
Thüringen,Amtsgericht Eisenach,AGEA
Thüringen,Amtsgericht Erfurt,AGERFUR
Thüringen,Amtsgericht Gera,AGGERA
Thüringen,Amtsgericht Gotha,AGGOTHA
Thüringen,Amtsgericht Greiz,AGGREIZ
Thüringen,Amtsgericht Heilbad Heiligenstadt,AGHEILB
Thüringen,Amtsgericht Hildburghausen,AGHILDB
Thüringen,Amtsgericht Jena,AGJENA
Thüringen,Amtsgericht Meiningen,AGMEINI
Thüringen,Amtsgericht Mühlhausen,AGMUEHL
Thüringen,Amtsgericht Nordhausen,AGNORDH
Thüringen,Amtsgericht Pößneck,AGPOESS
Thüringen,Amtsgericht Rudolstadt,AGRUDOL
Thüringen,Amtsgericht Sömmerda,AGSOEMM
Thüringen,Amtsgericht Sondershausen,AGSONDE
Thüringen,Amtsgericht Sonneberg,AGSONNE
Thüringen,Amtsgericht Stadtroda,AGSTADT
Thüringen,Amtsgericht Suhl,AGSUHL
Thüringen,Amtsgericht Weimar,AGWEIMA
Thüringen,Anwaltsgericht Erfurt,AWGERFU
Thüringen,Arbeitsgericht Erfurt,ARBGERF
Thüringen,Arbeitsgericht Gera,ARBGERA
Thüringen,Arbeitsgericht Nordhausen,ARBGNOR
Thüringen,Arbeitsgericht Suhl,ARBGSUH
Thüringen,Landgericht Erfurt,LGERFUR
Thüringen,Landgericht Gera,LGGERA
Thüringen,Landgericht Meiningen,LGMEINI
Thüringen,Landgericht Mühlhausen,LGMUEHL
Thüringen,Sozialgericht Altenburg,SGALTEN
Thüringen,Sozialgericht Gotha,SGGOTHA
Thüringen,Sozialgericht Meiningen,SGMEINI
Thüringen,Sozialgericht Nordhausen,SGNORDH
Thüringen,Thüringer Anwaltsgerichtshof,AWGHTH
Thüringen,Thüringer Finanzgericht,FGTH
Thüringen,Finanzgericht Thüringen,FGTH
Thüringen,Thüringer Landesarbeitsgericht,LAGTH
Thüringen,Thüringer Landessozialgericht,LSGTH
Thüringen,Thüringer Oberlandesgericht,OLGTH
Thüringen,Thüringer Oberverwaltungsgericht,OVGTH
Thüringen,Thüringer Verfassungsgerichtshof,VERFGHT
Thüringen,Vergabekammer des Freistaates Thüringen,VKTH
Thüringen,Verwaltungsgericht Gera,VGGERA
Thüringen,Verwaltungsgericht Meiningen,VGMEINI
Thüringen,Verwaltungsgericht Weimar,VGWEIMA
